machine_id,machine_name,line_id,temperature,vibration,pressure,power_consumption,production_rate,defect_rate,machine_status,maintenance_status,downstream_delay,step,timestamp
M01,Machine A - Cutting / Raw Material Feed,LINE-1,42.12,1.148,101.68,18.78,1184.4,0.161,HEALTHY,OK,0.0,0,2026-09-10T10:00:00Z
M02,Machine B1 - Assembly Line 1,LINE-1,45.05,1.484,102.99,21.74,1187.0,0.523,HEALTHY,OK,0.0,0,2026-09-10T10:00:00Z
M03,Machine B2 - Assembly Line 2,LINE-2,42.03,1.256,100.73,19.24,1403.0,0.271,HEALTHY,OK,0.0,0,2026-09-10T10:00:00Z
M04,Machine C - Quality Inspection,LINE-2,40.35,0.998,97.91,13.8,1389.8,0.195,HEALTHY,OK,0.0,0,2026-09-10T10:00:00Z
M05,Machine D - Packaging Unit,LINE-2,37.83,0.882,95.27,12.61,1353.3,0.313,HEALTHY,OK,0.0,0,2026-09-10T10:00:00Z
M06,Machine E - Material Transfer,LINE-2,39.86,1.08,98.74,14.76,1354.9,0.334,HEALTHY,OK,0.0,0,2026-09-10T10:00:00Z
M07,Machine F - Secondary Assembly (Backup / Reroute Line),LINE-3,43.95,1.358,101.59,21.2,1325.9,0.616,HEALTHY,OK,0.0,0,2026-09-10T10:00:00Z
M08,Machine G - Finishing Station,LINE-3,40.73,1.012,97.56,16.07,1307.0,0.407,HEALTHY,OK,0.0,0,2026-09-10T10:00:00Z
M09,Machine H - Final Inspection,LINE-3,40.27,0.803,96.14,13.19,1268.3,0.19,HEALTHY,OK,0.0,0,2026-09-10T10:00:00Z
M10,Machine I - Dispatch / Palletizing,LINE-3,36.81,0.668,93.86,11.45,1243.1,0.329,HEALTHY,OK,0.0,0,2026-09-10T10:00:00Z
M01,Machine A - Cutting / Raw Material Feed,LINE-1,41.33,1.183,101.38,18.68,1205.7,0.224,HEALTHY,OK,0.0,1,2026-09-10T10:00:30Z
M02,Machine B1 - Assembly Line 1,LINE-1,44.86,1.477,103.43,21.94,1169.8,0.466,HEALTHY,OK,0.0,1,2026-09-10T10:00:30Z
M03,Machine B2 - Assembly Line 2,LINE-2,41.63,1.225,100.57,19.71,1396.6,0.305,HEALTHY,OK,0.0,1,2026-09-10T10:00:30Z
M04,Machine C - Quality Inspection,LINE-2,40.25,0.985,98.23,13.8,1377.1,0.189,HEALTHY,OK,0.0,1,2026-09-10T10:00:30Z
M05,Machine D - Packaging Unit,LINE-2,37.52,0.924,94.77,12.5,1353.8,0.313,HEALTHY,OK,0.0,1,2026-09-10T10:00:30Z
M06,Machine E - Material Transfer,LINE-2,39.27,1.095,98.79,14.98,1336.5,0.257,HEALTHY,OK,0.0,1,2026-09-10T10:00:30Z
M07,Machine F - Secondary Assembly (Backup / Reroute Line),LINE-3,43.47,1.35,102.2,20.73,1317.0,0.639,HEALTHY,OK,0.0,1,2026-09-10T10:00:30Z
M08,Machine G - Finishing Station,LINE-3,40.86,1.037,97.03,15.94,1292.4,0.39,HEALTHY,OK,0.0,1,2026-09-10T10:00:30Z
M09,Machine H - Final Inspection,LINE-3,40.34,0.714,96.22,13.07,1275.2,0.157,HEALTHY,OK,0.0,1,2026-09-10T10:00:30Z
M10,Machine I - Dispatch / Palletizing,LINE-3,37.03,0.674,94.12,11.01,1262.8,0.293,HEALTHY,OK,0.0,1,2026-09-10T10:00:30Z
M01,Machine A - Cutting / Raw Material Feed,LINE-1,41.59,1.209,101.41,18.91,1206.7,0.211,HEALTHY,OK,0.0,2,2026-09-10T10:01:00Z
M02,Machine B1 - Assembly Line 1,LINE-1,45.59,1.441,102.68,21.72,1176.9,0.459,HEALTHY,OK,0.0,2,2026-09-10T10:01:00Z
M03,Machine B2 - Assembly Line 2,LINE-2,42.25,1.189,99.76,19.2,1402.5,0.325,HEALTHY,OK,0.0,2,2026-09-10T10:01:00Z
M04,Machine C - Quality Inspection,LINE-2,40.8,1.146,98.21,13.7,1362.9,0.208,HEALTHY,OK,0.0,2,2026-09-10T10:01:00Z
M05,Machine D - Packaging Unit,LINE-2,37.67,0.879,94.69,12.46,1358.5,0.305,HEALTHY,OK,0.0,2,2026-09-10T10:01:00Z
M06,Machine E - Material Transfer,LINE-2,38.94,1.048,98.16,14.85,1349.6,0.353,HEALTHY,OK,0.0,2,2026-09-10T10:01:00Z
M07,Machine F - Secondary Assembly (Backup / Reroute Line),LINE-3,44.05,1.449,101.75,20.64,1312.3,0.578,HEALTHY,OK,0.0,2,2026-09-10T10:01:00Z
M08,Machine G - Finishing Station,LINE-3,41.85,0.959,97.92,15.73,1307.5,0.412,HEALTHY,OK,0.0,2,2026-09-10T10:01:00Z
M09,Machine H - Final Inspection,LINE-3,39.94,0.798,95.67,13.13,1276.4,0.163,HEALTHY,OK,0.0,2,2026-09-10T10:01:00Z
M10,Machine I - Dispatch / Palletizing,LINE-3,36.49,0.709,94.79,11.05,1249.1,0.309,HEALTHY,OK,0.0,2,2026-09-10T10:01:00Z
M01,Machine A - Cutting / Raw Material Feed,LINE-1,42.52,1.211,101.09,18.83,1203.4,0.246,HEALTHY,OK,0.0,3,2026-09-10T10:01:30Z
M02,Machine B1 - Assembly Line 1,LINE-1,45.07,1.439,102.32,22.5,1193.8,0.495,HEALTHY,OK,0.0,3,2026-09-10T10:01:30Z
M03,Machine B2 - Assembly Line 2,LINE-2,41.85,1.273,99.95,19.23,1405.1,0.288,HEALTHY,OK,0.0,3,2026-09-10T10:01:30Z
M04,Machine C - Quality Inspection,LINE-2,40.0,0.992,98.17,14.42,1380.7,0.219,HEALTHY,OK,0.0,3,2026-09-10T10:01:30Z
M05,Machine D - Packaging Unit,LINE-2,37.18,0.898,94.58,12.13,1343.0,0.29,HEALTHY,OK,0.0,3,2026-09-10T10:01:30Z
M06,Machine E - Material Transfer,LINE-2,39.37,1.034,99.02,14.85,1347.4,0.33,HEALTHY,OK,0.0,3,2026-09-10T10:01:30Z
M07,Machine F - Secondary Assembly (Backup / Reroute Line),LINE-3,44.22,1.467,101.92,20.79,1318.2,0.607,HEALTHY,OK,0.0,3,2026-09-10T10:01:30Z
M08,Machine G - Finishing Station,LINE-3,41.07,0.946,97.55,16.07,1320.1,0.456,HEALTHY,OK,0.0,3,2026-09-10T10:01:30Z
M09,Machine H - Final Inspection,LINE-3,39.66,0.786,95.27,12.82,1282.5,0.236,HEALTHY,OK,0.0,3,2026-09-10T10:01:30Z
M10,Machine I - Dispatch / Palletizing,LINE-3,36.71,0.667,92.93,10.95,1241.5,0.284,HEALTHY,OK,0.0,3,2026-09-10T10:01:30Z
M01,Machine A - Cutting / Raw Material Feed,LINE-1,41.65,1.195,100.42,18.06,1217.0,0.161,HEALTHY,OK,0.0,4,2026-09-10T10:02:00Z
M02,Machine B1 - Assembly Line 1,LINE-1,44.56,1.592,104.45,21.65,1177.1,0.51,HEALTHY,OK,0.0,4,2026-09-10T10:02:00Z
M03,Machine B2 - Assembly Line 2,LINE-2,42.69,1.151,100.38,19.73,1403.5,0.289,HEALTHY,OK,0.0,4,2026-09-10T10:02:00Z
M04,Machine C - Quality Inspection,LINE-2,39.95,0.931,97.88,13.92,1381.9,0.183,HEALTHY,OK,0.0,4,2026-09-10T10:02:00Z
M05,Machine D - Packaging Unit,LINE-2,38.19,0.951,95.08,12.61,1350.4,0.3,HEALTHY,OK,0.0,4,2026-09-10T10:02:00Z
M06,Machine E - Material Transfer,LINE-2,38.71,1.116,98.95,15.63,1362.6,0.312,HEALTHY,OK,0.0,4,2026-09-10T10:02:00Z
M07,Machine F - Secondary Assembly (Backup / Reroute Line),LINE-3,43.69,1.344,102.6,21.08,1323.8,0.548,HEALTHY,OK,0.0,4,2026-09-10T10:02:00Z
M08,Machine G - Finishing Station,LINE-3,41.37,1.023,96.94,15.86,1302.1,0.402,HEALTHY,OK,0.0,4,2026-09-10T10:02:00Z
M09,Machine H - Final Inspection,LINE-3,39.88,0.795,95.87,13.05,1291.8,0.123,HEALTHY,OK,0.0,4,2026-09-10T10:02:00Z
M10,Machine I - Dispatch / Palletizing,LINE-3,36.91,0.709,94.15,10.89,1235.9,0.31,HEALTHY,OK,0.0,4,2026-09-10T10:02:00Z
M01,Machine A - Cutting / Raw Material Feed,LINE-1,42.69,1.123,101.73,18.4,1199.5,0.168,HEALTHY,OK,0.0,5,2026-09-10T10:02:30Z
M02,Machine B1 - Assembly Line 1,LINE-1,44.87,1.565,103.29,22.52,1189.4,0.513,HEALTHY,OK,0.0,5,2026-09-10T10:02:30Z
M03,Machine B2 - Assembly Line 2,LINE-2,42.7,1.222,100.91,19.41,1400.5,0.279,HEALTHY,OK,0.0,5,2026-09-10T10:02:30Z
M04,Machine C - Quality Inspection,LINE-2,40.4,0.941,98.39,13.94,1389.4,0.223,HEALTHY,OK,0.0,5,2026-09-10T10:02:30Z
M05,Machine D - Packaging Unit,LINE-2,38.73,0.937,94.21,12.48,1340.6,0.284,HEALTHY,OK,0.0,5,2026-09-10T10:02:30Z
M06,Machine E - Material Transfer,LINE-2,39.6,1.132,98.65,14.7,1350.3,0.264,HEALTHY,OK,0.0,5,2026-09-10T10:02:30Z
M07,Machine F - Secondary Assembly (Backup / Reroute Line),LINE-3,43.73,1.416,102.58,21.18,1301.7,0.609,HEALTHY,OK,0.0,5,2026-09-10T10:02:30Z
M08,Machine G - Finishing Station,LINE-3,41.03,1.021,98.31,15.38,1295.3,0.418,HEALTHY,OK,0.0,5,2026-09-10T10:02:30Z
M09,Machine H - Final Inspection,LINE-3,39.37,0.874,96.18,13.25,1275.4,0.224,HEALTHY,OK,0.0,5,2026-09-10T10:02:30Z
M10,Machine I - Dispatch / Palletizing,LINE-3,37.43,0.712,94.12,11.08,1243.1,0.296,HEALTHY,OK,0.0,5,2026-09-10T10:02:30Z
M01,Machine A - Cutting / Raw Material Feed,LINE-1,41.94,1.219,101.8,18.18,1199.0,0.244,HEALTHY,OK,0.0,6,2026-09-10T10:03:00Z
M02,Machine B1 - Assembly Line 1,LINE-1,44.7,1.459,103.1,22.25,1180.1,0.54,HEALTHY,OK,0.0,6,2026-09-10T10:03:00Z
M03,Machine B2 - Assembly Line 2,LINE-2,42.34,1.242,100.78,20.2,1398.4,0.24,HEALTHY,OK,0.0,6,2026-09-10T10:03:00Z
M04,Machine C - Quality Inspection,LINE-2,40.64,0.977,98.05,14.39,1367.2,0.162,HEALTHY,OK,0.0,6,2026-09-10T10:03:00Z
M05,Machine D - Packaging Unit,LINE-2,37.36,0.86,95.22,12.66,1352.2,0.258,HEALTHY,OK,0.0,6,2026-09-10T10:03:00Z
M06,Machine E - Material Transfer,LINE-2,38.08,1.103,98.76,15.14,1355.6,0.304,HEALTHY,OK,0.0,6,2026-09-10T10:03:00Z
M07,Machine F - Secondary Assembly (Backup / Reroute Line),LINE-3,44.3,1.411,102.27,20.79,1318.6,0.606,HEALTHY,OK,0.0,6,2026-09-10T10:03:00Z
M08,Machine G - Finishing Station,LINE-3,41.33,0.98,97.76,15.92,1299.1,0.425,HEALTHY,OK,0.0,6,2026-09-10T10:03:00Z
M09,Machine H - Final Inspection,LINE-3,39.2,0.735,95.26,12.3,1274.6,0.222,HEALTHY,OK,0.0,6,2026-09-10T10:03:00Z
M10,Machine I - Dispatch / Palletizing,LINE-3,36.89,0.71,94.54,11.4,1249.4,0.341,HEALTHY,OK,0.0,6,2026-09-10T10:03:00Z
M01,Machine A - Cutting / Raw Material Feed,LINE-1,42.04,1.158,101.0,18.06,1192.9,0.189,HEALTHY,OK,0.0,7,2026-09-10T10:03:30Z
M02,Machine B1 - Assembly Line 1,LINE-1,45.32,1.586,102.31,22.12,1171.7,0.514,HEALTHY,OK,0.0,7,2026-09-10T10:03:30Z
M03,Machine B2 - Assembly Line 2,LINE-2,41.95,1.108,100.96,19.32,1395.7,0.268,HEALTHY,OK,0.0,7,2026-09-10T10:03:30Z
M04,Machine C - Quality Inspection,LINE-2,39.74,1.021,97.91,14.1,1382.9,0.24,HEALTHY,OK,0.0,7,2026-09-10T10:03:30Z
M05,Machine D - Packaging Unit,LINE-2,37.86,0.826,95.53,12.4,1358.9,0.312,HEALTHY,OK,0.0,7,2026-09-10T10:03:30Z
M06,Machine E - Material Transfer,LINE-2,38.95,1.117,99.98,15.62,1350.6,0.305,HEALTHY,OK,0.0,7,2026-09-10T10:03:30Z
M07,Machine F - Secondary Assembly (Backup / Reroute Line),LINE-3,44.43,1.358,102.17,20.99,1322.5,0.575,HEALTHY,OK,0.0,7,2026-09-10T10:03:30Z
M08,Machine G - Finishing Station,LINE-3,40.36,0.896,96.94,15.86,1297.7,0.458,HEALTHY,OK,0.0,7,2026-09-10T10:03:30Z
M09,Machine H - Final Inspection,LINE-3,40.44,0.752,96.17,12.88,1277.7,0.206,HEALTHY,OK,0.0,7,2026-09-10T10:03:30Z
M10,Machine I - Dispatch / Palletizing,LINE-3,37.25,0.683,94.53,10.66,1250.1,0.378,HEALTHY,OK,0.0,7,2026-09-10T10:03:30Z
M01,Machine A - Cutting / Raw Material Feed,LINE-1,42.09,1.272,101.35,18.67,1199.5,0.195,HEALTHY,OK,0.0,8,2026-09-10T10:04:00Z
M02,Machine B1 - Assembly Line 1,LINE-1,44.69,1.522,102.57,22.2,1188.7,0.511,HEALTHY,OK,0.0,8,2026-09-10T10:04:00Z
M03,Machine B2 - Assembly Line 2,LINE-2,41.89,1.223,100.35,19.78,1385.3,0.29,HEALTHY,OK,0.0,8,2026-09-10T10:04:00Z
M04,Machine C - Quality Inspection,LINE-2,39.2,0.925,98.68,14.27,1374.2,0.155,HEALTHY,OK,0.0,8,2026-09-10T10:04:00Z
M05,Machine D - Packaging Unit,LINE-2,36.81,0.873,96.21,12.63,1345.5,0.314,HEALTHY,OK,0.0,8,2026-09-10T10:04:00Z
M06,Machine E - Material Transfer,LINE-2,38.38,1.085,99.05,14.97,1356.3,0.31,HEALTHY,OK,0.0,8,2026-09-10T10:04:00Z
M07,Machine F - Secondary Assembly (Backup / Reroute Line),LINE-3,44.27,1.366,102.45,21.49,1312.2,0.573,HEALTHY,OK,0.0,8,2026-09-10T10:04:00Z
M08,Machine G - Finishing Station,LINE-3,41.53,0.99,98.2,15.87,1311.6,0.404,HEALTHY,OK,0.0,8,2026-09-10T10:04:00Z
M09,Machine H - Final Inspection,LINE-3,40.1,0.878,95.82,12.72,1276.4,0.214,HEALTHY,OK,0.0,8,2026-09-10T10:04:00Z
M10,Machine I - Dispatch / Palletizing,LINE-3,36.37,0.732,93.73,11.34,1230.8,0.276,HEALTHY,OK,0.0,8,2026-09-10T10:04:00Z
M01,Machine A - Cutting / Raw Material Feed,LINE-1,41.33,1.159,101.42,18.45,1198.0,0.195,HEALTHY,OK,0.0,9,2026-09-10T10:04:30Z
M02,Machine B1 - Assembly Line 1,LINE-1,45.08,1.45,103.35,22.2,1183.1,0.517,HEALTHY,OK,0.0,9,2026-09-10T10:04:30Z
M03,Machine B2 - Assembly Line 2,LINE-2,42.12,1.302,100.46,19.41,1394.0,0.269,HEALTHY,OK,0.0,9,2026-09-10T10:04:30Z
M04,Machine C - Quality Inspection,LINE-2,39.5,0.956,97.96,14.1,1380.4,0.177,HEALTHY,OK,0.0,9,2026-09-10T10:04:30Z
M05,Machine D - Packaging Unit,LINE-2,38.36,0.937,94.92,12.3,1354.4,0.306,HEALTHY,OK,0.0,9,2026-09-10T10:04:30Z
M06,Machine E - Material Transfer,LINE-2,38.42,1.097,99.13,14.73,1351.5,0.256,HEALTHY,OK,0.0,9,2026-09-10T10:04:30Z
M07,Machine F - Secondary Assembly (Backup / Reroute Line),LINE-3,44.53,1.462,101.87,21.11,1300.7,0.565,HEALTHY,OK,0.0,9,2026-09-10T10:04:30Z
M08,Machine G - Finishing Station,LINE-3,40.88,0.946,97.86,16.6,1290.6,0.375,HEALTHY,OK,0.0,9,2026-09-10T10:04:30Z
M09,Machine H - Final Inspection,LINE-3,40.09,0.881,95.39,13.07,1294.6,0.15,HEALTHY,OK,0.0,9,2026-09-10T10:04:30Z
M10,Machine I - Dispatch / Palletizing,LINE-3,36.49,0.679,93.74,11.24,1251.9,0.247,HEALTHY,OK,0.0,9,2026-09-10T10:04:30Z
M01,Machine A - Cutting / Raw Material Feed,LINE-1,42.21,1.171,101.94,18.31,1194.9,0.216,HEALTHY,OK,0.0,10,2026-09-10T10:05:00Z
M02,Machine B1 - Assembly Line 1,LINE-1,45.31,1.522,102.16,22.16,1171.7,0.507,HEALTHY,OK,0.0,10,2026-09-10T10:05:00Z
M03,Machine B2 - Assembly Line 2,LINE-2,41.43,1.222,100.1,19.12,1405.7,0.307,HEALTHY,OK,0.0,10,2026-09-10T10:05:00Z
M04,Machine C - Quality Inspection,LINE-2,39.75,1.073,97.78,14.01,1382.2,0.181,HEALTHY,OK,0.0,10,2026-09-10T10:05:00Z
M05,Machine D - Packaging Unit,LINE-2,38.19,0.873,94.79,12.91,1341.7,0.228,HEALTHY,OK,0.0,10,2026-09-10T10:05:00Z
M06,Machine E - Material Transfer,LINE-2,39.64,1.227,98.8,14.42,1347.5,0.291,HEALTHY,OK,0.0,10,2026-09-10T10:05:00Z
M07,Machine F - Secondary Assembly (Backup / Reroute Line),LINE-3,43.92,1.344,102.29,21.16,1308.0,0.621,HEALTHY,OK,0.0,10,2026-09-10T10:05:00Z
M08,Machine G - Finishing Station,LINE-3,41.82,1.009,97.33,15.96,1304.9,0.348,HEALTHY,OK,0.0,10,2026-09-10T10:05:00Z
M09,Machine H - Final Inspection,LINE-3,40.07,0.78,96.92,12.95,1293.3,0.167,HEALTHY,OK,0.0,10,2026-09-10T10:05:00Z
M10,Machine I - Dispatch / Palletizing,LINE-3,37.23,0.716,93.57,11.05,1259.7,0.29,HEALTHY,OK,0.0,10,2026-09-10T10:05:00Z
M01,Machine A - Cutting / Raw Material Feed,LINE-1,41.32,1.199,100.85,18.4,1199.3,0.149,HEALTHY,OK,0.0,11,2026-09-10T10:05:30Z
M02,Machine B1 - Assembly Line 1,LINE-1,44.35,1.524,102.74,21.23,1186.3,0.508,HEALTHY,OK,0.0,11,2026-09-10T10:05:30Z
M03,Machine B2 - Assembly Line 2,LINE-2,41.71,1.134,100.92,19.6,1419.1,0.313,HEALTHY,OK,0.0,11,2026-09-10T10:05:30Z
M04,Machine C - Quality Inspection,LINE-2,40.16,0.992,98.41,14.19,1390.0,0.184,HEALTHY,OK,0.0,11,2026-09-10T10:05:30Z
M05,Machine D - Packaging Unit,LINE-2,37.83,0.876,95.4,12.95,1346.3,0.287,HEALTHY,OK,0.0,11,2026-09-10T10:05:30Z
M06,Machine E - Material Transfer,LINE-2,39.13,1.088,99.48,14.32,1343.4,0.277,HEALTHY,OK,0.0,11,2026-09-10T10:05:30Z
M07,Machine F - Secondary Assembly (Backup / Reroute Line),LINE-3,43.07,1.352,101.54,20.94,1328.9,0.593,HEALTHY,OK,0.0,11,2026-09-10T10:05:30Z
M08,Machine G - Finishing Station,LINE-3,40.59,0.997,98.02,15.71,1292.7,0.417,HEALTHY,OK,0.0,11,2026-09-10T10:05:30Z
M09,Machine H - Final Inspection,LINE-3,39.91,0.832,95.99,13.21,1271.7,0.2,HEALTHY,OK,0.0,11,2026-09-10T10:05:30Z
M10,Machine I - Dispatch / Palletizing,LINE-3,36.92,0.639,93.22,11.21,1247.2,0.269,HEALTHY,OK,0.0,11,2026-09-10T10:05:30Z
M01,Machine A - Cutting / Raw Material Feed,LINE-1,41.96,1.256,100.16,18.05,1192.6,0.244,HEALTHY,OK,0.0,12,2026-09-10T10:06:00Z
M02,Machine B1 - Assembly Line 1,LINE-1,45.11,1.538,102.43,21.66,1183.6,0.502,HEALTHY,OK,0.0,12,2026-09-10T10:06:00Z
M03,Machine B2 - Assembly Line 2,LINE-2,42.22,1.191,100.64,19.55,1406.2,0.324,HEALTHY,OK,0.0,12,2026-09-10T10:06:00Z
M04,Machine C - Quality Inspection,LINE-2,39.35,0.888,98.5,14.36,1371.8,0.144,HEALTHY,OK,0.0,12,2026-09-10T10:06:00Z
M05,Machine D - Packaging Unit,LINE-2,38.04,0.947,95.9,12.65,1347.0,0.273,HEALTHY,OK,0.0,12,2026-09-10T10:06:00Z
M06,Machine E - Material Transfer,LINE-2,39.0,1.085,98.49,15.61,1364.3,0.334,HEALTHY,OK,0.0,12,2026-09-10T10:06:00Z
M07,Machine F - Secondary Assembly (Backup / Reroute Line),LINE-3,43.63,1.443,102.32,21.13,1330.0,0.619,HEALTHY,OK,0.0,12,2026-09-10T10:06:00Z
M08,Machine G - Finishing Station,LINE-3,41.3,1.032,97.67,15.46,1300.7,0.383,HEALTHY,OK,0.0,12,2026-09-10T10:06:00Z
M09,Machine H - Final Inspection,LINE-3,39.49,0.884,96.86,13.41,1282.0,0.241,HEALTHY,OK,0.0,12,2026-09-10T10:06:00Z
M10,Machine I - Dispatch / Palletizing,LINE-3,37.0,0.71,93.45,11.12,1250.5,0.261,HEALTHY,OK,0.0,12,2026-09-10T10:06:00Z
M01,Machine A - Cutting / Raw Material Feed,LINE-1,41.98,1.196,102.2,18.77,1200.1,0.207,HEALTHY,OK,0.0,13,2026-09-10T10:06:30Z
M02,Machine B1 - Assembly Line 1,LINE-1,45.02,1.49,102.46,21.95,1174.0,0.462,HEALTHY,OK,0.0,13,2026-09-10T10:06:30Z
M03,Machine B2 - Assembly Line 2,LINE-2,42.2,1.22,99.61,19.46,1408.0,0.332,HEALTHY,OK,0.0,13,2026-09-10T10:06:30Z
M04,Machine C - Quality Inspection,LINE-2,40.41,1.002,97.58,13.67,1382.8,0.211,HEALTHY,OK,0.0,13,2026-09-10T10:06:30Z
M05,Machine D - Packaging Unit,LINE-2,38.51,0.955,94.93,12.13,1347.4,0.307,HEALTHY,OK,0.0,13,2026-09-10T10:06:30Z
M06,Machine E - Material Transfer,LINE-2,38.92,1.071,99.13,14.85,1345.0,0.309,HEALTHY,OK,0.0,13,2026-09-10T10:06:30Z
M07,Machine F - Secondary Assembly (Backup / Reroute Line),LINE-3,43.84,1.412,102.14,20.66,1316.2,0.643,HEALTHY,OK,0.0,13,2026-09-10T10:06:30Z
M08,Machine G - Finishing Station,LINE-3,40.54,0.894,96.57,16.01,1300.2,0.396,HEALTHY,OK,0.0,13,2026-09-10T10:06:30Z
M09,Machine H - Final Inspection,LINE-3,40.49,0.666,96.2,13.47,1271.0,0.189,HEALTHY,OK,0.0,13,2026-09-10T10:06:30Z
M10,Machine I - Dispatch / Palletizing,LINE-3,36.7,0.655,93.84,11.43,1264.7,0.29,HEALTHY,OK,0.0,13,2026-09-10T10:06:30Z
M01,Machine A - Cutting / Raw Material Feed,LINE-1,42.76,1.202,102.18,18.47,1201.0,0.211,HEALTHY,OK,0.0,14,2026-09-10T10:07:00Z
M02,Machine B1 - Assembly Line 1,LINE-1,46.27,1.543,102.65,22.29,1177.1,0.485,HEALTHY,OK,0.0,14,2026-09-10T10:07:00Z
M03,Machine B2 - Assembly Line 2,LINE-2,42.36,1.202,100.64,19.5,1402.7,0.313,HEALTHY,OK,0.0,14,2026-09-10T10:07:00Z
M04,Machine C - Quality Inspection,LINE-2,39.23,1.033,97.51,13.57,1379.5,0.203,HEALTHY,OK,0.0,14,2026-09-10T10:07:00Z
M05,Machine D - Packaging Unit,LINE-2,37.72,0.942,94.33,12.38,1345.3,0.299,HEALTHY,OK,0.0,14,2026-09-10T10:07:00Z
M06,Machine E - Material Transfer,LINE-2,39.11,1.05,99.36,15.02,1334.9,0.241,HEALTHY,OK,0.0,14,2026-09-10T10:07:00Z
M07,Machine F - Secondary Assembly (Backup / Reroute Line),LINE-3,44.0,1.389,101.95,20.99,1321.8,0.628,HEALTHY,OK,0.0,14,2026-09-10T10:07:00Z
M08,Machine G - Finishing Station,LINE-3,40.56,0.941,96.95,16.09,1310.0,0.387,HEALTHY,OK,0.0,14,2026-09-10T10:07:00Z
M09,Machine H - Final Inspection,LINE-3,39.0,0.715,95.58,12.83,1276.7,0.201,HEALTHY,OK,0.0,14,2026-09-10T10:07:00Z
M10,Machine I - Dispatch / Palletizing,LINE-3,36.88,0.752,93.66,10.74,1253.8,0.254,HEALTHY,OK,0.0,14,2026-09-10T10:07:00Z
M01,Machine A - Cutting / Raw Material Feed,LINE-1,42.16,1.205,101.23,18.98,1195.0,0.262,HEALTHY,OK,0.0,15,2026-09-10T10:07:30Z
M02,Machine B1 - Assembly Line 1,LINE-1,44.91,1.436,103.03,21.68,1174.0,0.512,HEALTHY,OK,0.0,15,2026-09-10T10:07:30Z
M03,Machine B2 - Assembly Line 2,LINE-2,42.22,1.169,100.99,19.85,1411.5,0.316,HEALTHY,OK,0.0,15,2026-09-10T10:07:30Z
M04,Machine C - Quality Inspection,LINE-2,40.55,0.906,97.84,13.74,1381.0,0.183,HEALTHY,OK,0.0,15,2026-09-10T10:07:30Z
M05,Machine D - Packaging Unit,LINE-2,37.93,0.994,94.92,12.62,1348.1,0.302,HEALTHY,OK,0.0,15,2026-09-10T10:07:30Z
M06,Machine E - Material Transfer,LINE-2,39.0,1.122,99.58,15.49,1352.5,0.318,HEALTHY,OK,0.0,15,2026-09-10T10:07:30Z
M07,Machine F - Secondary Assembly (Backup / Reroute Line),LINE-3,43.54,1.396,102.47,21.26,1321.7,0.627,HEALTHY,OK,0.0,15,2026-09-10T10:07:30Z
M08,Machine G - Finishing Station,LINE-3,41.2,1.06,97.64,15.89,1302.7,0.312,HEALTHY,OK,0.0,15,2026-09-10T10:07:30Z
M09,Machine H - Final Inspection,LINE-3,40.15,0.618,95.14,13.14,1283.8,0.165,HEALTHY,OK,0.0,15,2026-09-10T10:07:30Z
M10,Machine I - Dispatch / Palletizing,LINE-3,36.72,0.769,93.76,11.67,1250.0,0.312,HEALTHY,OK,0.0,15,2026-09-10T10:07:30Z
M01,Machine A - Cutting / Raw Material Feed,LINE-1,42.65,1.207,100.8,18.47,1199.7,0.159,HEALTHY,OK,0.0,16,2026-09-10T10:08:00Z
M02,Machine B1 - Assembly Line 1,LINE-1,44.9,1.463,103.46,22.01,1177.7,0.497,HEALTHY,OK,0.0,16,2026-09-10T10:08:00Z
M03,Machine B2 - Assembly Line 2,LINE-2,42.09,1.231,100.0,19.19,1408.8,0.288,HEALTHY,OK,0.0,16,2026-09-10T10:08:00Z
M04,Machine C - Quality Inspection,LINE-2,39.43,1.022,98.23,13.54,1381.8,0.222,HEALTHY,OK,0.0,16,2026-09-10T10:08:00Z
M05,Machine D - Packaging Unit,LINE-2,38.15,0.932,94.3,12.6,1347.6,0.286,HEALTHY,OK,0.0,16,2026-09-10T10:08:00Z
M06,Machine E - Material Transfer,LINE-2,39.35,1.174,99.9,15.39,1349.1,0.311,HEALTHY,OK,0.0,16,2026-09-10T10:08:00Z
M07,Machine F - Secondary Assembly (Backup / Reroute Line),LINE-3,44.31,1.406,102.07,21.25,1319.5,0.578,HEALTHY,OK,0.0,16,2026-09-10T10:08:00Z
M08,Machine G - Finishing Station,LINE-3,40.83,1.032,97.5,16.1,1305.4,0.389,HEALTHY,OK,0.0,16,2026-09-10T10:08:00Z
M09,Machine H - Final Inspection,LINE-3,40.3,0.819,95.38,13.43,1276.0,0.15,HEALTHY,OK,0.0,16,2026-09-10T10:08:00Z
M10,Machine I - Dispatch / Palletizing,LINE-3,36.58,0.649,94.03,10.92,1247.3,0.319,HEALTHY,OK,0.0,16,2026-09-10T10:08:00Z
M01,Machine A - Cutting / Raw Material Feed,LINE-1,42.14,1.216,101.5,18.68,1183.1,0.189,HEALTHY,OK,0.0,17,2026-09-10T10:08:30Z
M02,Machine B1 - Assembly Line 1,LINE-1,44.13,1.502,103.0,22.31,1189.5,0.506,HEALTHY,OK,0.0,17,2026-09-10T10:08:30Z
M03,Machine B2 - Assembly Line 2,LINE-2,41.8,1.224,100.24,19.5,1407.9,0.283,HEALTHY,OK,0.0,17,2026-09-10T10:08:30Z
M04,Machine C - Quality Inspection,LINE-2,40.32,1.034,97.52,14.29,1385.6,0.203,HEALTHY,OK,0.0,17,2026-09-10T10:08:30Z
M05,Machine D - Packaging Unit,LINE-2,37.7,0.857,94.73,12.66,1342.4,0.313,HEALTHY,OK,0.0,17,2026-09-10T10:08:30Z
M06,Machine E - Material Transfer,LINE-2,38.5,1.09,99.05,15.73,1339.0,0.344,HEALTHY,OK,0.0,17,2026-09-10T10:08:30Z
M07,Machine F - Secondary Assembly (Backup / Reroute Line),LINE-3,44.06,1.421,102.06,21.13,1318.8,0.644,HEALTHY,OK,0.0,17,2026-09-10T10:08:30Z
M08,Machine G - Finishing Station,LINE-3,40.82,1.057,97.18,15.98,1291.4,0.414,HEALTHY,OK,0.0,17,2026-09-10T10:08:30Z
M09,Machine H - Final Inspection,LINE-3,40.58,0.796,95.9,12.67,1278.2,0.152,HEALTHY,OK,0.0,17,2026-09-10T10:08:30Z
M10,Machine I - Dispatch / Palletizing,LINE-3,36.63,0.711,94.66,11.84,1245.3,0.343,HEALTHY,OK,0.0,17,2026-09-10T10:08:30Z
M01,Machine A - Cutting / Raw Material Feed,LINE-1,42.1,1.192,101.52,18.52,1200.9,0.188,HEALTHY,OK,0.0,18,2026-09-10T10:09:00Z
M02,Machine B1 - Assembly Line 1,LINE-1,44.44,1.423,103.33,21.92,1175.2,0.5,HEALTHY,OK,0.0,18,2026-09-10T10:09:00Z
M03,Machine B2 - Assembly Line 2,LINE-2,42.32,1.209,100.17,19.87,1412.6,0.315,HEALTHY,OK,0.0,18,2026-09-10T10:09:00Z
M04,Machine C - Quality Inspection,LINE-2,40.39,1.062,98.57,14.18,1384.8,0.216,HEALTHY,OK,0.0,18,2026-09-10T10:09:00Z
M05,Machine D - Packaging Unit,LINE-2,37.56,0.935,94.32,12.26,1360.4,0.325,HEALTHY,OK,0.0,18,2026-09-10T10:09:00Z
M06,Machine E - Material Transfer,LINE-2,39.59,1.086,98.42,14.93,1350.8,0.302,HEALTHY,OK,0.0,18,2026-09-10T10:09:00Z
M07,Machine F - Secondary Assembly (Backup / Reroute Line),LINE-3,44.45,1.382,102.18,20.7,1323.6,0.6,HEALTHY,OK,0.0,18,2026-09-10T10:09:00Z
M08,Machine G - Finishing Station,LINE-3,40.7,0.988,97.41,15.92,1314.2,0.397,HEALTHY,OK,0.0,18,2026-09-10T10:09:00Z
M09,Machine H - Final Inspection,LINE-3,39.9,0.695,95.55,12.92,1274.5,0.241,HEALTHY,OK,0.0,18,2026-09-10T10:09:00Z
M10,Machine I - Dispatch / Palletizing,LINE-3,36.93,0.764,94.03,11.01,1249.3,0.3,HEALTHY,OK,0.0,18,2026-09-10T10:09:00Z
M01,Machine A - Cutting / Raw Material Feed,LINE-1,42.69,1.084,100.3,18.34,1200.1,0.221,HEALTHY,OK,0.0,19,2026-09-10T10:09:30Z
M02,Machine B1 - Assembly Line 1,LINE-1,45.19,1.481,103.51,22.31,1181.5,0.529,HEALTHY,OK,0.0,19,2026-09-10T10:09:30Z
M03,Machine B2 - Assembly Line 2,LINE-2,42.11,1.172,100.85,19.53,1400.0,0.344,HEALTHY,OK,0.0,19,2026-09-10T10:09:30Z
M04,Machine C - Quality Inspection,LINE-2,39.02,0.929,97.41,13.89,1378.0,0.155,HEALTHY,OK,0.0,19,2026-09-10T10:09:30Z
M05,Machine D - Packaging Unit,LINE-2,37.61,0.857,96.23,13.04,1346.7,0.289,HEALTHY,OK,0.0,19,2026-09-10T10:09:30Z
M06,Machine E - Material Transfer,LINE-2,38.54,1.005,98.94,14.7,1349.3,0.252,HEALTHY,OK,0.0,19,2026-09-10T10:09:30Z
M07,Machine F - Secondary Assembly (Backup / Reroute Line),LINE-3,43.7,1.407,102.18,21.13,1309.4,0.626,HEALTHY,OK,0.0,19,2026-09-10T10:09:30Z
M08,Machine G - Finishing Station,LINE-3,40.68,1.032,97.49,15.59,1297.5,0.411,HEALTHY,OK,0.0,19,2026-09-10T10:09:30Z
M09,Machine H - Final Inspection,LINE-3,40.25,0.793,96.77,13.3,1277.9,0.223,HEALTHY,OK,0.0,19,2026-09-10T10:09:30Z
M10,Machine I - Dispatch / Palletizing,LINE-3,37.77,0.798,93.39,10.72,1261.9,0.268,HEALTHY,OK,0.0,19,2026-09-10T10:09:30Z
M01,Machine A - Cutting / Raw Material Feed,LINE-1,41.47,1.176,101.51,18.47,1194.8,0.18,HEALTHY,OK,0.0,20,2026-09-10T10:10:00Z
M02,Machine B1 - Assembly Line 1,LINE-1,44.72,1.456,104.14,22.09,1187.1,0.485,HEALTHY,OK,0.0,20,2026-09-10T10:10:00Z
M03,Machine B2 - Assembly Line 2,LINE-2,41.93,1.164,99.17,19.09,1385.5,0.233,HEALTHY,OK,0.0,20,2026-09-10T10:10:00Z
M04,Machine C - Quality Inspection,LINE-2,39.52,1.066,97.98,14.39,1383.3,0.223,HEALTHY,OK,0.0,20,2026-09-10T10:10:00Z
M05,Machine D - Packaging Unit,LINE-2,37.64,0.926,95.36,12.33,1354.5,0.317,HEALTHY,OK,0.0,20,2026-09-10T10:10:00Z
M06,Machine E - Material Transfer,LINE-2,38.78,1.044,98.41,15.03,1352.6,0.276,HEALTHY,OK,0.0,20,2026-09-10T10:10:00Z
M07,Machine F - Secondary Assembly (Backup / Reroute Line),LINE-3,44.01,1.429,102.31,21.47,1330.2,0.57,HEALTHY,OK,0.0,20,2026-09-10T10:10:00Z
M08,Machine G - Finishing Station,LINE-3,41.67,0.973,98.02,16.02,1296.7,0.346,HEALTHY,OK,0.0,20,2026-09-10T10:10:00Z
M09,Machine H - Final Inspection,LINE-3,39.93,0.722,96.48,13.46,1273.6,0.209,HEALTHY,OK,0.0,20,2026-09-10T10:10:00Z
M10,Machine I - Dispatch / Palletizing,LINE-3,36.71,0.669,94.39,10.99,1263.9,0.286,HEALTHY,OK,0.0,20,2026-09-10T10:10:00Z
M01,Machine A - Cutting / Raw Material Feed,LINE-1,42.4,1.205,101.7,18.37,1199.6,0.197,HEALTHY,OK,0.0,21,2026-09-10T10:10:30Z
M02,Machine B1 - Assembly Line 1,LINE-1,44.67,1.533,103.33,22.18,1192.3,0.543,HEALTHY,OK,0.0,21,2026-09-10T10:10:30Z
M03,Machine B2 - Assembly Line 2,LINE-2,41.85,1.219,100.19,19.51,1395.2,0.349,HEALTHY,OK,0.0,21,2026-09-10T10:10:30Z
M04,Machine C - Quality Inspection,LINE-2,40.15,0.989,98.6,13.35,1363.9,0.224,HEALTHY,OK,0.0,21,2026-09-10T10:10:30Z
M05,Machine D - Packaging Unit,LINE-2,38.02,0.913,94.34,12.49,1366.0,0.325,HEALTHY,OK,0.0,21,2026-09-10T10:10:30Z
M06,Machine E - Material Transfer,LINE-2,39.07,1.078,98.8,14.36,1352.1,0.325,HEALTHY,OK,0.0,21,2026-09-10T10:10:30Z
M07,Machine F - Secondary Assembly (Backup / Reroute Line),LINE-3,43.37,1.367,101.42,20.71,1320.4,0.537,HEALTHY,OK,0.0,21,2026-09-10T10:10:30Z
M08,Machine G - Finishing Station,LINE-3,41.25,1.038,97.37,15.26,1292.0,0.437,HEALTHY,OK,0.0,21,2026-09-10T10:10:30Z
M09,Machine H - Final Inspection,LINE-3,38.89,0.783,95.41,13.24,1274.6,0.212,HEALTHY,OK,0.0,21,2026-09-10T10:10:30Z
M10,Machine I - Dispatch / Palletizing,LINE-3,37.23,0.792,93.9,11.11,1238.1,0.336,HEALTHY,OK,0.0,21,2026-09-10T10:10:30Z
M01,Machine A - Cutting / Raw Material Feed,LINE-1,41.7,1.172,101.29,18.03,1201.8,0.229,HEALTHY,OK,0.0,22,2026-09-10T10:11:00Z
M02,Machine B1 - Assembly Line 1,LINE-1,45.12,1.421,102.94,22.22,1165.0,0.468,HEALTHY,OK,0.0,22,2026-09-10T10:11:00Z
M03,Machine B2 - Assembly Line 2,LINE-2,42.35,1.214,100.71,20.06,1403.7,0.32,HEALTHY,OK,0.0,22,2026-09-10T10:11:00Z
M04,Machine C - Quality Inspection,LINE-2,41.08,0.989,97.6,14.13,1383.5,0.184,HEALTHY,OK,0.0,22,2026-09-10T10:11:00Z
M05,Machine D - Packaging Unit,LINE-2,37.59,1.015,95.16,12.28,1357.3,0.297,HEALTHY,OK,0.0,22,2026-09-10T10:11:00Z
M06,Machine E - Material Transfer,LINE-2,38.9,1.128,98.35,15.11,1365.3,0.314,HEALTHY,OK,0.0,22,2026-09-10T10:11:00Z
M07,Machine F - Secondary Assembly (Backup / Reroute Line),LINE-3,43.85,1.375,101.79,20.92,1317.0,0.627,HEALTHY,OK,0.0,22,2026-09-10T10:11:00Z
M08,Machine G - Finishing Station,LINE-3,40.31,1.043,97.31,16.11,1291.0,0.44,HEALTHY,OK,0.0,22,2026-09-10T10:11:00Z
M09,Machine H - Final Inspection,LINE-3,40.5,0.848,95.24,13.25,1283.2,0.152,HEALTHY,OK,0.0,22,2026-09-10T10:11:00Z
M10,Machine I - Dispatch / Palletizing,LINE-3,36.99,0.718,94.28,11.05,1252.3,0.344,HEALTHY,OK,0.0,22,2026-09-10T10:11:00Z
M01,Machine A - Cutting / Raw Material Feed,LINE-1,42.49,1.057,101.14,18.45,1186.0,0.203,HEALTHY,OK,0.0,23,2026-09-10T10:11:30Z
M02,Machine B1 - Assembly Line 1,LINE-1,45.5,1.446,103.17,21.73,1174.6,0.544,HEALTHY,OK,0.0,23,2026-09-10T10:11:30Z
M03,Machine B2 - Assembly Line 2,LINE-2,41.78,1.223,99.56,20.06,1404.8,0.295,HEALTHY,OK,0.0,23,2026-09-10T10:11:30Z
M04,Machine C - Quality Inspection,LINE-2,40.23,0.93,98.59,13.9,1378.4,0.185,HEALTHY,OK,0.0,23,2026-09-10T10:11:30Z
M05,Machine D - Packaging Unit,LINE-2,37.77,0.935,95.13,12.7,1349.9,0.315,HEALTHY,OK,0.0,23,2026-09-10T10:11:30Z
M06,Machine E - Material Transfer,LINE-2,38.83,1.211,98.22,15.38,1360.9,0.274,HEALTHY,OK,0.0,23,2026-09-10T10:11:30Z
M07,Machine F - Secondary Assembly (Backup / Reroute Line),LINE-3,44.89,1.45,102.49,21.01,1318.3,0.594,HEALTHY,OK,0.0,23,2026-09-10T10:11:30Z
M08,Machine G - Finishing Station,LINE-3,41.16,1.07,97.59,15.73,1306.6,0.428,HEALTHY,OK,0.0,23,2026-09-10T10:11:30Z
M09,Machine H - Final Inspection,LINE-3,40.26,0.837,95.86,12.72,1273.1,0.151,HEALTHY,OK,0.0,23,2026-09-10T10:11:30Z
M10,Machine I - Dispatch / Palletizing,LINE-3,37.09,0.696,93.78,10.11,1240.0,0.334,HEALTHY,OK,0.0,23,2026-09-10T10:11:30Z
M01,Machine A - Cutting / Raw Material Feed,LINE-1,41.73,1.218,100.6,18.93,1198.8,0.209,HEALTHY,OK,0.0,24,2026-09-10T10:12:00Z
M02,Machine B1 - Assembly Line 1,LINE-1,45.93,1.576,102.85,21.82,1177.4,0.515,HEALTHY,OK,0.0,24,2026-09-10T10:12:00Z
M03,Machine B2 - Assembly Line 2,LINE-2,41.96,1.18,101.23,19.47,1418.4,0.303,HEALTHY,OK,0.0,24,2026-09-10T10:12:00Z
M04,Machine C - Quality Inspection,LINE-2,40.71,1.018,98.48,13.78,1373.2,0.214,HEALTHY,OK,0.0,24,2026-09-10T10:12:00Z
M05,Machine D - Packaging Unit,LINE-2,38.4,0.902,94.36,12.09,1338.6,0.247,HEALTHY,OK,0.0,24,2026-09-10T10:12:00Z
M06,Machine E - Material Transfer,LINE-2,39.04,1.156,98.99,14.32,1348.5,0.295,HEALTHY,OK,0.0,24,2026-09-10T10:12:00Z
M07,Machine F - Secondary Assembly (Backup / Reroute Line),LINE-3,44.84,1.327,101.8,21.51,1323.6,0.617,HEALTHY,OK,0.0,24,2026-09-10T10:12:00Z
M08,Machine G - Finishing Station,LINE-3,41.05,1.016,97.89,15.76,1307.0,0.359,HEALTHY,OK,0.0,24,2026-09-10T10:12:00Z
M09,Machine H - Final Inspection,LINE-3,40.13,0.809,95.69,12.99,1275.0,0.168,HEALTHY,OK,0.0,24,2026-09-10T10:12:00Z
M10,Machine I - Dispatch / Palletizing,LINE-3,36.86,0.645,94.16,10.65,1255.7,0.265,HEALTHY,OK,0.0,24,2026-09-10T10:12:00Z
M01,Machine A - Cutting / Raw Material Feed,LINE-1,41.77,1.169,101.96,18.6,1198.3,0.215,HEALTHY,OK,0.0,25,2026-09-10T10:12:30Z
M02,Machine B1 - Assembly Line 1,LINE-1,44.16,1.498,104.0,22.04,1180.5,0.516,HEALTHY,OK,0.0,25,2026-09-10T10:12:30Z
M03,Machine B2 - Assembly Line 2,LINE-2,42.36,1.1,99.66,19.56,1394.3,0.339,HEALTHY,OK,0.0,25,2026-09-10T10:12:30Z
M04,Machine C - Quality Inspection,LINE-2,39.87,0.903,97.37,13.18,1378.1,0.194,HEALTHY,OK,0.0,25,2026-09-10T10:12:30Z
M05,Machine D - Packaging Unit,LINE-2,37.83,0.954,95.6,12.45,1332.9,0.319,HEALTHY,OK,0.0,25,2026-09-10T10:12:30Z
M06,Machine E - Material Transfer,LINE-2,39.22,1.115,99.49,14.65,1366.1,0.271,HEALTHY,OK,0.0,25,2026-09-10T10:12:30Z
M07,Machine F - Secondary Assembly (Backup / Reroute Line),LINE-3,44.3,1.316,101.53,21.45,1317.9,0.625,HEALTHY,OK,0.0,25,2026-09-10T10:12:30Z
M08,Machine G - Finishing Station,LINE-3,41.09,0.995,98.18,15.93,1285.8,0.376,HEALTHY,OK,0.0,25,2026-09-10T10:12:30Z
M09,Machine H - Final Inspection,LINE-3,40.22,0.82,95.22,12.78,1275.3,0.189,HEALTHY,OK,0.0,25,2026-09-10T10:12:30Z
M10,Machine I - Dispatch / Palletizing,LINE-3,36.45,0.669,93.64,11.23,1256.5,0.296,HEALTHY,OK,0.0,25,2026-09-10T10:12:30Z
M01,Machine A - Cutting / Raw Material Feed,LINE-1,41.84,1.207,100.89,18.16,1192.5,0.181,HEALTHY,OK,0.0,26,2026-09-10T10:13:00Z
M02,Machine B1 - Assembly Line 1,LINE-1,44.53,1.508,103.36,21.52,1180.2,0.493,HEALTHY,OK,0.0,26,2026-09-10T10:13:00Z
M03,Machine B2 - Assembly Line 2,LINE-2,42.14,1.199,99.77,19.12,1400.2,0.331,HEALTHY,OK,0.0,26,2026-09-10T10:13:00Z
M04,Machine C - Quality Inspection,LINE-2,39.11,1.017,98.59,13.95,1384.4,0.179,HEALTHY,OK,0.0,26,2026-09-10T10:13:00Z
M05,Machine D - Packaging Unit,LINE-2,37.95,0.819,93.83,12.78,1342.1,0.286,HEALTHY,OK,0.0,26,2026-09-10T10:13:00Z
M06,Machine E - Material Transfer,LINE-2,38.45,1.03,98.91,14.78,1353.0,0.314,HEALTHY,OK,0.0,26,2026-09-10T10:13:00Z
M07,Machine F - Secondary Assembly (Backup / Reroute Line),LINE-3,44.13,1.412,102.79,20.68,1319.6,0.634,HEALTHY,OK,0.0,26,2026-09-10T10:13:00Z
M08,Machine G - Finishing Station,LINE-3,41.51,0.929,97.34,16.41,1304.1,0.406,HEALTHY,OK,0.0,26,2026-09-10T10:13:00Z
M09,Machine H - Final Inspection,LINE-3,39.91,0.781,96.14,12.92,1279.7,0.202,HEALTHY,OK,0.0,26,2026-09-10T10:13:00Z
M10,Machine I - Dispatch / Palletizing,LINE-3,36.73,0.727,95.46,10.47,1252.6,0.277,HEALTHY,OK,0.0,26,2026-09-10T10:13:00Z
M01,Machine A - Cutting / Raw Material Feed,LINE-1,42.23,1.202,101.68,18.85,1201.5,0.234,HEALTHY,OK,0.0,27,2026-09-10T10:13:30Z
M02,Machine B1 - Assembly Line 1,LINE-1,44.06,1.58,103.19,22.32,1170.2,0.475,HEALTHY,OK,0.0,27,2026-09-10T10:13:30Z
M03,Machine B2 - Assembly Line 2,LINE-2,42.06,1.199,100.64,19.83,1385.9,0.329,HEALTHY,OK,0.0,27,2026-09-10T10:13:30Z
M04,Machine C - Quality Inspection,LINE-2,40.0,0.99,97.26,14.15,1360.7,0.219,HEALTHY,OK,0.0,27,2026-09-10T10:13:30Z
M05,Machine D - Packaging Unit,LINE-2,37.4,0.903,94.94,12.85,1348.6,0.279,HEALTHY,OK,0.0,27,2026-09-10T10:13:30Z
M06,Machine E - Material Transfer,LINE-2,38.8,1.164,99.27,14.88,1348.1,0.253,HEALTHY,OK,0.0,27,2026-09-10T10:13:30Z
M07,Machine F - Secondary Assembly (Backup / Reroute Line),LINE-3,44.16,1.312,102.38,21.04,1339.1,0.567,HEALTHY,OK,0.0,27,2026-09-10T10:13:30Z
M08,Machine G - Finishing Station,LINE-3,40.96,1.09,98.1,15.79,1301.8,0.4,HEALTHY,OK,0.0,27,2026-09-10T10:13:30Z
M09,Machine H - Final Inspection,LINE-3,40.11,0.765,95.96,12.52,1281.1,0.214,HEALTHY,OK,0.0,27,2026-09-10T10:13:30Z
M10,Machine I - Dispatch / Palletizing,LINE-3,36.91,0.619,94.49,11.11,1244.2,0.292,HEALTHY,OK,0.0,27,2026-09-10T10:13:30Z
M01,Machine A - Cutting / Raw Material Feed,LINE-1,41.4,1.149,101.03,18.87,1194.9,0.219,HEALTHY,OK,0.0,28,2026-09-10T10:14:00Z
M02,Machine B1 - Assembly Line 1,LINE-1,44.78,1.512,102.93,22.26,1175.7,0.453,HEALTHY,OK,0.0,28,2026-09-10T10:14:00Z
M03,Machine B2 - Assembly Line 2,LINE-2,41.45,1.173,99.88,19.62,1396.3,0.371,HEALTHY,OK,0.0,28,2026-09-10T10:14:00Z
M04,Machine C - Quality Inspection,LINE-2,39.3,1.01,97.44,13.85,1381.1,0.13,HEALTHY,OK,0.0,28,2026-09-10T10:14:00Z
M05,Machine D - Packaging Unit,LINE-2,38.09,0.995,94.77,12.58,1358.2,0.295,HEALTHY,OK,0.0,28,2026-09-10T10:14:00Z
M06,Machine E - Material Transfer,LINE-2,38.77,0.986,99.32,14.97,1341.9,0.304,HEALTHY,OK,0.0,28,2026-09-10T10:14:00Z
M07,Machine F - Secondary Assembly (Backup / Reroute Line),LINE-3,43.77,1.374,102.3,20.6,1328.4,0.558,HEALTHY,OK,0.0,28,2026-09-10T10:14:00Z
M08,Machine G - Finishing Station,LINE-3,40.73,1.096,98.06,16.03,1292.5,0.384,HEALTHY,OK,0.0,28,2026-09-10T10:14:00Z
M09,Machine H - Final Inspection,LINE-3,40.03,0.802,95.95,12.99,1278.3,0.157,HEALTHY,OK,0.0,28,2026-09-10T10:14:00Z
M10,Machine I - Dispatch / Palletizing,LINE-3,36.79,0.746,93.32,10.94,1243.4,0.303,HEALTHY,OK,0.0,28,2026-09-10T10:14:00Z
M01,Machine A - Cutting / Raw Material Feed,LINE-1,41.84,1.274,101.55,18.11,1205.4,0.177,HEALTHY,OK,0.0,29,2026-09-10T10:14:30Z
M02,Machine B1 - Assembly Line 1,LINE-1,44.77,1.516,102.75,22.27,1173.8,0.481,HEALTHY,OK,0.0,29,2026-09-10T10:14:30Z
M03,Machine B2 - Assembly Line 2,LINE-2,41.74,1.172,101.05,19.69,1413.7,0.368,HEALTHY,OK,0.0,29,2026-09-10T10:14:30Z
M04,Machine C - Quality Inspection,LINE-2,39.59,1.004,97.41,13.77,1375.0,0.168,HEALTHY,OK,0.0,29,2026-09-10T10:14:30Z
M05,Machine D - Packaging Unit,LINE-2,37.58,0.893,94.39,12.75,1342.7,0.384,HEALTHY,OK,0.0,29,2026-09-10T10:14:30Z
M06,Machine E - Material Transfer,LINE-2,38.82,1.104,98.35,15.51,1359.0,0.309,HEALTHY,OK,0.0,29,2026-09-10T10:14:30Z
M07,Machine F - Secondary Assembly (Backup / Reroute Line),LINE-3,43.46,1.411,101.44,21.44,1326.5,0.603,HEALTHY,OK,0.0,29,2026-09-10T10:14:30Z
M08,Machine G - Finishing Station,LINE-3,40.03,0.951,97.84,16.36,1308.9,0.352,HEALTHY,OK,0.0,29,2026-09-10T10:14:30Z
M09,Machine H - Final Inspection,LINE-3,40.12,0.851,95.17,13.0,1282.2,0.191,HEALTHY,OK,0.0,29,2026-09-10T10:14:30Z
M10,Machine I - Dispatch / Palletizing,LINE-3,36.26,0.684,93.84,10.96,1245.5,0.287,HEALTHY,OK,0.0,29,2026-09-10T10:14:30Z
M01,Machine A - Cutting / Raw Material Feed,LINE-1,41.98,1.222,101.15,18.38,1200.7,0.142,HEALTHY,OK,0.0,30,2026-09-10T10:15:00Z
M02,Machine B1 - Assembly Line 1,LINE-1,45.19,1.5,103.02,22.29,1164.4,0.441,HEALTHY,OK,0.0,30,2026-09-10T10:15:00Z
M03,Machine B2 - Assembly Line 2,LINE-2,42.11,1.2,100.59,19.36,1405.3,0.328,HEALTHY,OK,0.0,30,2026-09-10T10:15:00Z
M04,Machine C - Quality Inspection,LINE-2,40.19,0.987,96.95,14.23,1389.8,0.219,HEALTHY,OK,0.0,30,2026-09-10T10:15:00Z
M05,Machine D - Packaging Unit,LINE-2,37.65,0.934,95.43,12.97,1343.0,0.293,HEALTHY,OK,0.0,30,2026-09-10T10:15:00Z
M06,Machine E - Material Transfer,LINE-2,39.3,1.103,98.44,15.12,1354.6,0.303,HEALTHY,OK,0.0,30,2026-09-10T10:15:00Z
M07,Machine F - Secondary Assembly (Backup / Reroute Line),LINE-3,44.09,1.387,102.74,20.73,1315.3,0.6,HEALTHY,OK,0.0,30,2026-09-10T10:15:00Z
M08,Machine G - Finishing Station,LINE-3,41.35,0.925,96.84,15.39,1300.3,0.366,HEALTHY,OK,0.0,30,2026-09-10T10:15:00Z
M09,Machine H - Final Inspection,LINE-3,39.85,0.833,95.68,13.07,1277.6,0.22,HEALTHY,OK,0.0,30,2026-09-10T10:15:00Z
M10,Machine I - Dispatch / Palletizing,LINE-3,37.19,0.665,93.92,11.31,1253.1,0.258,HEALTHY,OK,0.0,30,2026-09-10T10:15:00Z
M01,Machine A - Cutting / Raw Material Feed,LINE-1,42.26,1.146,102.01,18.81,1202.3,0.205,HEALTHY,OK,0.0,31,2026-09-10T10:15:30Z
M02,Machine B1 - Assembly Line 1,LINE-1,44.92,1.534,102.81,22.07,1187.0,0.483,HEALTHY,OK,0.0,31,2026-09-10T10:15:30Z
M03,Machine B2 - Assembly Line 2,LINE-2,41.75,1.14,99.97,18.95,1405.8,0.354,HEALTHY,OK,0.0,31,2026-09-10T10:15:30Z
M04,Machine C - Quality Inspection,LINE-2,40.57,0.919,98.36,14.43,1376.3,0.203,HEALTHY,OK,0.0,31,2026-09-10T10:15:30Z
M05,Machine D - Packaging Unit,LINE-2,37.2,0.913,94.47,12.56,1337.5,0.316,HEALTHY,OK,0.0,31,2026-09-10T10:15:30Z
M06,Machine E - Material Transfer,LINE-2,39.41,1.061,98.43,14.35,1347.9,0.283,HEALTHY,OK,0.0,31,2026-09-10T10:15:30Z
M07,Machine F - Secondary Assembly (Backup / Reroute Line),LINE-3,43.38,1.423,101.78,20.68,1315.6,0.632,HEALTHY,OK,0.0,31,2026-09-10T10:15:30Z
M08,Machine G - Finishing Station,LINE-3,41.24,0.993,97.81,15.65,1300.3,0.404,HEALTHY,OK,0.0,31,2026-09-10T10:15:30Z
M09,Machine H - Final Inspection,LINE-3,39.81,0.822,95.61,13.15,1284.4,0.112,HEALTHY,OK,0.0,31,2026-09-10T10:15:30Z
M10,Machine I - Dispatch / Palletizing,LINE-3,37.48,0.548,93.69,11.31,1247.5,0.256,HEALTHY,OK,0.0,31,2026-09-10T10:15:30Z
M01,Machine A - Cutting / Raw Material Feed,LINE-1,41.56,1.251,100.34,18.84,1199.6,0.164,HEALTHY,OK,0.0,32,2026-09-10T10:16:00Z
M02,Machine B1 - Assembly Line 1,LINE-1,44.77,1.449,103.43,22.22,1166.2,0.488,HEALTHY,OK,0.0,32,2026-09-10T10:16:00Z
M03,Machine B2 - Assembly Line 2,LINE-2,41.65,1.265,99.82,19.98,1399.7,0.265,HEALTHY,OK,0.0,32,2026-09-10T10:16:00Z
M04,Machine C - Quality Inspection,LINE-2,39.73,0.96,97.36,14.03,1370.2,0.135,HEALTHY,OK,0.0,32,2026-09-10T10:16:00Z
M05,Machine D - Packaging Unit,LINE-2,37.85,0.81,94.62,12.23,1343.0,0.36,HEALTHY,OK,0.0,32,2026-09-10T10:16:00Z
M06,Machine E - Material Transfer,LINE-2,39.02,1.112,98.11,14.8,1351.7,0.269,HEALTHY,OK,0.0,32,2026-09-10T10:16:00Z
M07,Machine F - Secondary Assembly (Backup / Reroute Line),LINE-3,44.36,1.34,101.86,20.82,1321.3,0.581,HEALTHY,OK,0.0,32,2026-09-10T10:16:00Z
M08,Machine G - Finishing Station,LINE-3,40.89,0.988,97.13,16.15,1301.9,0.397,HEALTHY,OK,0.0,32,2026-09-10T10:16:00Z
M09,Machine H - Final Inspection,LINE-3,39.83,0.84,95.88,12.91,1280.8,0.251,HEALTHY,OK,0.0,32,2026-09-10T10:16:00Z
M10,Machine I - Dispatch / Palletizing,LINE-3,36.46,0.738,93.05,11.07,1262.6,0.315,HEALTHY,OK,0.0,32,2026-09-10T10:16:00Z
M01,Machine A - Cutting / Raw Material Feed,LINE-1,42.07,1.172,101.32,18.42,1193.7,0.191,HEALTHY,OK,0.0,33,2026-09-10T10:16:30Z
M02,Machine B1 - Assembly Line 1,LINE-1,45.08,1.462,102.6,21.59,1183.1,0.516,HEALTHY,OK,0.0,33,2026-09-10T10:16:30Z
M03,Machine B2 - Assembly Line 2,LINE-2,42.09,1.248,100.54,19.62,1402.4,0.297,HEALTHY,OK,0.0,33,2026-09-10T10:16:30Z
M04,Machine C - Quality Inspection,LINE-2,39.79,1.111,97.77,13.8,1383.5,0.208,HEALTHY,OK,0.0,33,2026-09-10T10:16:30Z
M05,Machine D - Packaging Unit,LINE-2,37.44,0.956,94.95,12.17,1359.5,0.319,HEALTHY,OK,0.0,33,2026-09-10T10:16:30Z
M06,Machine E - Material Transfer,LINE-2,38.49,1.189,99.33,15.0,1362.7,0.305,HEALTHY,OK,0.0,33,2026-09-10T10:16:30Z
M07,Machine F - Secondary Assembly (Backup / Reroute Line),LINE-3,43.99,1.367,102.29,21.14,1320.1,0.576,HEALTHY,OK,0.0,33,2026-09-10T10:16:30Z
M08,Machine G - Finishing Station,LINE-3,41.05,0.997,96.83,15.56,1304.5,0.322,HEALTHY,OK,0.0,33,2026-09-10T10:16:30Z
M09,Machine H - Final Inspection,LINE-3,40.08,0.776,96.65,12.85,1285.3,0.188,HEALTHY,OK,0.0,33,2026-09-10T10:16:30Z
M10,Machine I - Dispatch / Palletizing,LINE-3,37.05,0.737,93.77,11.3,1242.1,0.309,HEALTHY,OK,0.0,33,2026-09-10T10:16:30Z
M01,Machine A - Cutting / Raw Material Feed,LINE-1,42.37,1.233,102.26,18.27,1189.0,0.17,HEALTHY,OK,0.0,34,2026-09-10T10:17:00Z
M02,Machine B1 - Assembly Line 1,LINE-1,45.26,1.525,103.05,21.66,1186.1,0.463,HEALTHY,OK,0.0,34,2026-09-10T10:17:00Z
M03,Machine B2 - Assembly Line 2,LINE-2,42.46,1.343,100.68,19.67,1396.1,0.246,HEALTHY,OK,0.0,34,2026-09-10T10:17:00Z
M04,Machine C - Quality Inspection,LINE-2,39.76,0.945,97.28,14.52,1382.2,0.211,HEALTHY,OK,0.0,34,2026-09-10T10:17:00Z
M05,Machine D - Packaging Unit,LINE-2,37.88,0.891,95.48,12.49,1354.2,0.294,HEALTHY,OK,0.0,34,2026-09-10T10:17:00Z
M06,Machine E - Material Transfer,LINE-2,38.86,1.03,98.01,14.92,1350.5,0.261,HEALTHY,OK,0.0,34,2026-09-10T10:17:00Z
M07,Machine F - Secondary Assembly (Backup / Reroute Line),LINE-3,43.99,1.403,100.92,20.73,1323.3,0.612,HEALTHY,OK,0.0,34,2026-09-10T10:17:00Z
M08,Machine G - Finishing Station,LINE-3,40.54,1.008,98.01,16.23,1299.2,0.386,HEALTHY,OK,0.0,34,2026-09-10T10:17:00Z
M09,Machine H - Final Inspection,LINE-3,39.75,0.823,96.1,13.19,1281.1,0.225,HEALTHY,OK,0.0,34,2026-09-10T10:17:00Z
M10,Machine I - Dispatch / Palletizing,LINE-3,37.04,0.739,94.44,10.76,1235.5,0.346,HEALTHY,OK,0.0,34,2026-09-10T10:17:00Z
M01,Machine A - Cutting / Raw Material Feed,LINE-1,42.1,1.114,100.94,18.73,1197.8,0.185,HEALTHY,OK,0.0,35,2026-09-10T10:17:30Z
M02,Machine B1 - Assembly Line 1,LINE-1,45.56,1.448,102.6,22.06,1183.1,0.515,HEALTHY,OK,0.0,35,2026-09-10T10:17:30Z
M03,Machine B2 - Assembly Line 2,LINE-2,42.36,1.21,100.74,19.42,1400.5,0.303,HEALTHY,OK,0.0,35,2026-09-10T10:17:30Z
M04,Machine C - Quality Inspection,LINE-2,40.09,1.039,98.28,14.01,1373.5,0.202,HEALTHY,OK,0.0,35,2026-09-10T10:17:30Z
M05,Machine D - Packaging Unit,LINE-2,37.99,0.91,96.1,12.34,1353.4,0.332,HEALTHY,OK,0.0,35,2026-09-10T10:17:30Z
M06,Machine E - Material Transfer,LINE-2,39.04,1.217,98.81,15.1,1343.6,0.289,HEALTHY,OK,0.0,35,2026-09-10T10:17:30Z
M07,Machine F - Secondary Assembly (Backup / Reroute Line),LINE-3,44.1,1.442,102.16,21.38,1319.2,0.59,HEALTHY,OK,0.0,35,2026-09-10T10:17:30Z
M08,Machine G - Finishing Station,LINE-3,42.08,1.02,97.14,15.79,1292.5,0.428,HEALTHY,OK,0.0,35,2026-09-10T10:17:30Z
M09,Machine H - Final Inspection,LINE-3,39.85,0.806,95.97,13.22,1273.2,0.168,HEALTHY,OK,0.0,35,2026-09-10T10:17:30Z
M10,Machine I - Dispatch / Palletizing,LINE-3,37.09,0.73,94.17,10.76,1255.4,0.278,HEALTHY,OK,0.0,35,2026-09-10T10:17:30Z
M01,Machine A - Cutting / Raw Material Feed,LINE-1,41.79,1.153,101.95,18.69,1204.8,0.237,HEALTHY,OK,0.0,36,2026-09-10T10:18:00Z
M02,Machine B1 - Assembly Line 1,LINE-1,46.13,1.415,102.63,21.82,1173.2,0.468,HEALTHY,OK,0.0,36,2026-09-10T10:18:00Z
M03,Machine B2 - Assembly Line 2,LINE-2,41.88,1.139,100.67,19.52,1403.8,0.315,HEALTHY,OK,0.0,36,2026-09-10T10:18:00Z
M04,Machine C - Quality Inspection,LINE-2,40.24,0.981,99.06,14.07,1365.1,0.17,HEALTHY,OK,0.0,36,2026-09-10T10:18:00Z
M05,Machine D - Packaging Unit,LINE-2,37.3,0.901,94.94,12.36,1366.1,0.316,HEALTHY,OK,0.0,36,2026-09-10T10:18:00Z
M06,Machine E - Material Transfer,LINE-2,39.29,1.053,98.5,15.01,1351.4,0.244,HEALTHY,OK,0.0,36,2026-09-10T10:18:00Z
M07,Machine F - Secondary Assembly (Backup / Reroute Line),LINE-3,43.93,1.401,101.89,20.76,1315.7,0.595,HEALTHY,OK,0.0,36,2026-09-10T10:18:00Z
M08,Machine G - Finishing Station,LINE-3,41.04,1.03,98.04,15.91,1296.4,0.413,HEALTHY,OK,0.0,36,2026-09-10T10:18:00Z
M09,Machine H - Final Inspection,LINE-3,40.24,0.778,96.4,13.29,1290.3,0.253,HEALTHY,OK,0.0,36,2026-09-10T10:18:00Z
M10,Machine I - Dispatch / Palletizing,LINE-3,36.65,0.701,94.01,10.97,1244.8,0.255,HEALTHY,OK,0.0,36,2026-09-10T10:18:00Z
M01,Machine A - Cutting / Raw Material Feed,LINE-1,42.04,1.162,101.34,18.26,1191.2,0.207,HEALTHY,OK,0.0,37,2026-09-10T10:18:30Z
M02,Machine B1 - Assembly Line 1,LINE-1,45.06,1.529,104.09,22.08,1183.9,0.468,HEALTHY,OK,0.0,37,2026-09-10T10:18:30Z
M03,Machine B2 - Assembly Line 2,LINE-2,41.49,1.279,100.04,19.19,1399.7,0.297,HEALTHY,OK,0.0,37,2026-09-10T10:18:30Z
M04,Machine C - Quality Inspection,LINE-2,39.64,0.985,98.61,13.76,1368.9,0.228,HEALTHY,OK,0.0,37,2026-09-10T10:18:30Z
M05,Machine D - Packaging Unit,LINE-2,38.2,0.869,94.21,12.28,1349.6,0.335,HEALTHY,OK,0.0,37,2026-09-10T10:18:30Z
M06,Machine E - Material Transfer,LINE-2,38.59,1.096,99.34,14.29,1358.3,0.265,HEALTHY,OK,0.0,37,2026-09-10T10:18:30Z
M07,Machine F - Secondary Assembly (Backup / Reroute Line),LINE-3,44.13,1.412,102.54,21.17,1301.0,0.576,HEALTHY,OK,0.0,37,2026-09-10T10:18:30Z
M08,Machine G - Finishing Station,LINE-3,41.06,0.99,97.74,16.24,1304.9,0.394,HEALTHY,OK,0.0,37,2026-09-10T10:18:30Z
M09,Machine H - Final Inspection,LINE-3,39.26,0.777,96.21,12.67,1285.1,0.227,HEALTHY,OK,0.0,37,2026-09-10T10:18:30Z
M10,Machine I - Dispatch / Palletizing,LINE-3,37.05,0.547,93.36,11.57,1245.6,0.24,HEALTHY,OK,0.0,37,2026-09-10T10:18:30Z
M01,Machine A - Cutting / Raw Material Feed,LINE-1,42.49,1.201,101.85,18.58,1203.7,0.211,HEALTHY,OK,0.0,38,2026-09-10T10:19:00Z
M02,Machine B1 - Assembly Line 1,LINE-1,45.28,1.614,103.49,21.53,1183.6,0.534,HEALTHY,OK,0.0,38,2026-09-10T10:19:00Z
M03,Machine B2 - Assembly Line 2,LINE-2,42.48,1.179,101.08,19.78,1420.6,0.277,HEALTHY,OK,0.0,38,2026-09-10T10:19:00Z
M04,Machine C - Quality Inspection,LINE-2,39.8,0.985,97.75,13.73,1357.9,0.187,HEALTHY,OK,0.0,38,2026-09-10T10:19:00Z
M05,Machine D - Packaging Unit,LINE-2,38.15,0.875,95.97,12.5,1360.3,0.308,HEALTHY,OK,0.0,38,2026-09-10T10:19:00Z
M06,Machine E - Material Transfer,LINE-2,39.33,1.114,99.68,15.02,1354.0,0.311,HEALTHY,OK,0.0,38,2026-09-10T10:19:00Z
M07,Machine F - Secondary Assembly (Backup / Reroute Line),LINE-3,43.88,1.42,103.12,20.92,1323.4,0.638,HEALTHY,OK,0.0,38,2026-09-10T10:19:00Z
M08,Machine G - Finishing Station,LINE-3,41.46,1.001,96.31,16.16,1282.2,0.444,HEALTHY,OK,0.0,38,2026-09-10T10:19:00Z
M09,Machine H - Final Inspection,LINE-3,40.07,0.85,95.55,12.53,1282.1,0.199,HEALTHY,OK,0.0,38,2026-09-10T10:19:00Z
M10,Machine I - Dispatch / Palletizing,LINE-3,36.8,0.704,95.38,11.25,1258.4,0.325,HEALTHY,OK,0.0,38,2026-09-10T10:19:00Z
M01,Machine A - Cutting / Raw Material Feed,LINE-1,42.59,1.19,100.27,18.44,1206.5,0.171,HEALTHY,OK,0.0,39,2026-09-10T10:19:30Z
M02,Machine B1 - Assembly Line 1,LINE-1,44.93,1.465,103.75,22.22,1185.2,0.519,HEALTHY,OK,0.0,39,2026-09-10T10:19:30Z
M03,Machine B2 - Assembly Line 2,LINE-2,41.99,1.21,99.91,18.84,1401.2,0.31,HEALTHY,OK,0.0,39,2026-09-10T10:19:30Z
M04,Machine C - Quality Inspection,LINE-2,40.48,1.079,98.78,13.7,1377.2,0.214,HEALTHY,OK,0.0,39,2026-09-10T10:19:30Z
M05,Machine D - Packaging Unit,LINE-2,39.01,0.974,95.56,12.38,1342.9,0.324,HEALTHY,OK,0.0,39,2026-09-10T10:19:30Z
M06,Machine E - Material Transfer,LINE-2,38.56,1.088,98.94,15.48,1347.2,0.227,HEALTHY,OK,0.0,39,2026-09-10T10:19:30Z
M07,Machine F - Secondary Assembly (Backup / Reroute Line),LINE-3,44.2,1.365,102.02,20.97,1317.8,0.624,HEALTHY,OK,0.0,39,2026-09-10T10:19:30Z
M08,Machine G - Finishing Station,LINE-3,40.39,0.974,97.84,15.82,1287.1,0.42,HEALTHY,OK,0.0,39,2026-09-10T10:19:30Z
M09,Machine H - Final Inspection,LINE-3,40.45,0.798,95.02,13.21,1266.7,0.209,HEALTHY,OK,0.0,39,2026-09-10T10:19:30Z
M10,Machine I - Dispatch / Palletizing,LINE-3,36.65,0.642,93.78,10.95,1244.8,0.318,HEALTHY,OK,0.0,39,2026-09-10T10:19:30Z
M01,Machine A - Cutting / Raw Material Feed,LINE-1,41.82,1.249,101.44,18.29,1193.1,0.151,HEALTHY,OK,0.0,40,2026-09-10T10:20:00Z
M02,Machine B1 - Assembly Line 1,LINE-1,45.12,1.482,101.81,21.84,1172.8,0.547,HEALTHY,OK,0.0,40,2026-09-10T10:20:00Z
M03,Machine B2 - Assembly Line 2,LINE-2,41.32,1.128,101.05,19.91,1394.0,0.281,HEALTHY,OK,0.0,40,2026-09-10T10:20:00Z
M04,Machine C - Quality Inspection,LINE-2,40.25,0.884,97.07,13.92,1392.4,0.187,HEALTHY,OK,0.0,40,2026-09-10T10:20:00Z
M05,Machine D - Packaging Unit,LINE-2,38.04,0.957,96.05,12.33,1349.9,0.355,HEALTHY,OK,0.0,40,2026-09-10T10:20:00Z
M06,Machine E - Material Transfer,LINE-2,38.39,1.151,98.49,15.03,1348.1,0.271,HEALTHY,OK,0.0,40,2026-09-10T10:20:00Z
M07,Machine F - Secondary Assembly (Backup / Reroute Line),LINE-3,43.61,1.414,102.5,20.96,1320.6,0.617,HEALTHY,OK,0.0,40,2026-09-10T10:20:00Z
M08,Machine G - Finishing Station,LINE-3,40.61,1.037,97.91,16.78,1297.0,0.386,HEALTHY,OK,0.0,40,2026-09-10T10:20:00Z
M09,Machine H - Final Inspection,LINE-3,40.31,0.841,95.73,12.88,1284.3,0.175,HEALTHY,OK,0.0,40,2026-09-10T10:20:00Z
M10,Machine I - Dispatch / Palletizing,LINE-3,36.84,0.704,94.5,10.82,1235.3,0.243,HEALTHY,OK,0.0,40,2026-09-10T10:20:00Z
M01,Machine A - Cutting / Raw Material Feed,LINE-1,41.5,1.134,101.22,18.14,1194.4,0.177,HEALTHY,OK,0.0,41,2026-09-10T10:20:30Z
M02,Machine B1 - Assembly Line 1,LINE-1,44.82,1.566,103.33,22.0,1176.3,0.487,HEALTHY,OK,0.0,41,2026-09-10T10:20:30Z
M03,Machine B2 - Assembly Line 2,LINE-2,42.17,1.23,100.05,19.52,1383.3,0.307,HEALTHY,OK,0.0,41,2026-09-10T10:20:30Z
M04,Machine C - Quality Inspection,LINE-2,40.3,0.986,98.91,13.74,1381.7,0.199,HEALTHY,OK,0.0,41,2026-09-10T10:20:30Z
M05,Machine D - Packaging Unit,LINE-2,37.96,0.894,95.05,12.75,1361.0,0.3,HEALTHY,OK,0.0,41,2026-09-10T10:20:30Z
M06,Machine E - Material Transfer,LINE-2,39.33,1.065,99.38,14.77,1358.7,0.366,HEALTHY,OK,0.0,41,2026-09-10T10:20:30Z
M07,Machine F - Secondary Assembly (Backup / Reroute Line),LINE-3,43.95,1.29,101.73,21.37,1324.4,0.607,HEALTHY,OK,0.0,41,2026-09-10T10:20:30Z
M08,Machine G - Finishing Station,LINE-3,41.4,1.024,98.11,16.28,1312.2,0.411,HEALTHY,OK,0.0,41,2026-09-10T10:20:30Z
M09,Machine H - Final Inspection,LINE-3,40.36,0.785,95.7,13.51,1281.7,0.224,HEALTHY,OK,0.0,41,2026-09-10T10:20:30Z
M10,Machine I - Dispatch / Palletizing,LINE-3,37.05,0.671,94.01,11.43,1254.4,0.249,HEALTHY,OK,0.0,41,2026-09-10T10:20:30Z
M01,Machine A - Cutting / Raw Material Feed,LINE-1,41.91,1.289,101.19,17.96,1215.1,0.22,HEALTHY,OK,0.0,42,2026-09-10T10:21:00Z
M02,Machine B1 - Assembly Line 1,LINE-1,44.97,1.481,103.54,21.84,1189.2,0.516,HEALTHY,OK,0.0,42,2026-09-10T10:21:00Z
M03,Machine B2 - Assembly Line 2,LINE-2,42.24,1.211,100.41,19.84,1391.3,0.256,HEALTHY,OK,0.0,42,2026-09-10T10:21:00Z
M04,Machine C - Quality Inspection,LINE-2,40.25,1.032,98.24,14.12,1377.4,0.224,HEALTHY,OK,0.0,42,2026-09-10T10:21:00Z
M05,Machine D - Packaging Unit,LINE-2,37.98,0.876,94.84,13.11,1336.1,0.315,HEALTHY,OK,0.0,42,2026-09-10T10:21:00Z
M06,Machine E - Material Transfer,LINE-2,38.33,1.095,98.78,14.37,1353.1,0.289,HEALTHY,OK,0.0,42,2026-09-10T10:21:00Z
M07,Machine F - Secondary Assembly (Backup / Reroute Line),LINE-3,43.16,1.442,102.72,21.45,1322.9,0.601,HEALTHY,OK,0.0,42,2026-09-10T10:21:00Z
M08,Machine G - Finishing Station,LINE-3,41.53,1.084,98.07,15.72,1301.6,0.413,HEALTHY,OK,0.0,42,2026-09-10T10:21:00Z
M09,Machine H - Final Inspection,LINE-3,39.28,0.823,97.14,13.19,1291.8,0.205,HEALTHY,OK,0.0,42,2026-09-10T10:21:00Z
M10,Machine I - Dispatch / Palletizing,LINE-3,36.97,0.719,93.59,10.71,1260.1,0.341,HEALTHY,OK,0.0,42,2026-09-10T10:21:00Z
M01,Machine A - Cutting / Raw Material Feed,LINE-1,41.6,1.248,101.26,18.6,1203.7,0.23,HEALTHY,OK,0.0,43,2026-09-10T10:21:30Z
M02,Machine B1 - Assembly Line 1,LINE-1,45.03,1.571,103.15,22.19,1173.3,0.565,HEALTHY,OK,0.0,43,2026-09-10T10:21:30Z
M03,Machine B2 - Assembly Line 2,LINE-2,42.51,1.246,99.7,19.32,1406.0,0.322,HEALTHY,OK,0.0,43,2026-09-10T10:21:30Z
M04,Machine C - Quality Inspection,LINE-2,39.23,1.052,97.73,14.42,1379.3,0.206,HEALTHY,OK,0.0,43,2026-09-10T10:21:30Z
M05,Machine D - Packaging Unit,LINE-2,38.47,0.855,94.5,12.44,1356.6,0.26,HEALTHY,OK,0.0,43,2026-09-10T10:21:30Z
M06,Machine E - Material Transfer,LINE-2,38.33,1.141,98.7,14.88,1335.1,0.28,HEALTHY,OK,0.0,43,2026-09-10T10:21:30Z
M07,Machine F - Secondary Assembly (Backup / Reroute Line),LINE-3,44.0,1.447,101.61,21.5,1314.5,0.58,HEALTHY,OK,0.0,43,2026-09-10T10:21:30Z
M08,Machine G - Finishing Station,LINE-3,41.61,1.011,97.22,15.95,1310.8,0.444,HEALTHY,OK,0.0,43,2026-09-10T10:21:30Z
M09,Machine H - Final Inspection,LINE-3,39.67,0.798,96.05,12.7,1279.6,0.2,HEALTHY,OK,0.0,43,2026-09-10T10:21:30Z
M10,Machine I - Dispatch / Palletizing,LINE-3,37.46,0.76,93.84,10.94,1255.3,0.282,HEALTHY,OK,0.0,43,2026-09-10T10:21:30Z
M01,Machine A - Cutting / Raw Material Feed,LINE-1,42.24,1.196,100.82,18.21,1211.6,0.195,HEALTHY,OK,0.0,44,2026-09-10T10:22:00Z
M02,Machine B1 - Assembly Line 1,LINE-1,45.66,1.474,103.15,22.72,1171.5,0.443,HEALTHY,OK,0.0,44,2026-09-10T10:22:00Z
M03,Machine B2 - Assembly Line 2,LINE-2,43.07,1.18,100.49,19.45,1395.1,0.297,HEALTHY,OK,0.0,44,2026-09-10T10:22:00Z
M04,Machine C - Quality Inspection,LINE-2,39.93,1.022,97.5,13.79,1377.2,0.157,HEALTHY,OK,0.0,44,2026-09-10T10:22:00Z
M05,Machine D - Packaging Unit,LINE-2,37.83,0.906,94.8,12.42,1349.8,0.28,HEALTHY,OK,0.0,44,2026-09-10T10:22:00Z
M06,Machine E - Material Transfer,LINE-2,39.28,1.172,98.77,15.15,1348.1,0.311,HEALTHY,OK,0.0,44,2026-09-10T10:22:00Z
M07,Machine F - Secondary Assembly (Backup / Reroute Line),LINE-3,44.63,1.425,101.11,21.14,1329.9,0.593,HEALTHY,OK,0.0,44,2026-09-10T10:22:00Z
M08,Machine G - Finishing Station,LINE-3,41.4,0.965,96.76,16.04,1285.9,0.393,HEALTHY,OK,0.0,44,2026-09-10T10:22:00Z
M09,Machine H - Final Inspection,LINE-3,40.51,0.705,95.36,12.69,1279.5,0.189,HEALTHY,OK,0.0,44,2026-09-10T10:22:00Z
M10,Machine I - Dispatch / Palletizing,LINE-3,37.56,0.748,94.25,11.04,1253.1,0.274,HEALTHY,OK,0.0,44,2026-09-10T10:22:00Z
M01,Machine A - Cutting / Raw Material Feed,LINE-1,42.34,1.144,101.72,18.86,1201.7,0.195,HEALTHY,OK,0.0,45,2026-09-10T10:22:30Z
M02,Machine B1 - Assembly Line 1,LINE-1,45.16,1.357,103.15,21.97,1179.6,0.521,HEALTHY,OK,0.0,45,2026-09-10T10:22:30Z
M03,Machine B2 - Assembly Line 2,LINE-2,42.84,1.181,100.43,19.72,1390.0,0.348,HEALTHY,OK,0.0,45,2026-09-10T10:22:30Z
M04,Machine C - Quality Inspection,LINE-2,40.42,0.946,98.09,14.39,1366.1,0.205,HEALTHY,OK,0.0,45,2026-09-10T10:22:30Z
M05,Machine D - Packaging Unit,LINE-2,37.77,0.881,94.55,12.45,1364.7,0.262,HEALTHY,OK,0.0,45,2026-09-10T10:22:30Z
M06,Machine E - Material Transfer,LINE-2,38.53,1.035,99.86,14.86,1349.8,0.288,HEALTHY,OK,0.0,45,2026-09-10T10:22:30Z
M07,Machine F - Secondary Assembly (Backup / Reroute Line),LINE-3,43.62,1.388,103.23,21.42,1313.2,0.619,HEALTHY,OK,0.0,45,2026-09-10T10:22:30Z
M08,Machine G - Finishing Station,LINE-3,40.67,0.911,98.01,16.35,1308.4,0.386,HEALTHY,OK,0.0,45,2026-09-10T10:22:30Z
M09,Machine H - Final Inspection,LINE-3,39.93,0.837,96.2,12.88,1267.0,0.203,HEALTHY,OK,0.0,45,2026-09-10T10:22:30Z
M10,Machine I - Dispatch / Palletizing,LINE-3,37.43,0.64,94.32,11.1,1256.0,0.326,HEALTHY,OK,0.0,45,2026-09-10T10:22:30Z
M01,Machine A - Cutting / Raw Material Feed,LINE-1,41.72,1.119,101.03,18.77,1195.7,0.179,HEALTHY,OK,0.0,46,2026-09-10T10:23:00Z
M02,Machine B1 - Assembly Line 1,LINE-1,44.27,1.588,103.41,22.23,1187.7,0.517,HEALTHY,OK,0.0,46,2026-09-10T10:23:00Z
M03,Machine B2 - Assembly Line 2,LINE-2,43.15,1.253,100.29,20.57,1388.8,0.353,HEALTHY,OK,0.0,46,2026-09-10T10:23:00Z
M04,Machine C - Quality Inspection,LINE-2,40.19,0.949,98.75,13.8,1384.0,0.232,HEALTHY,OK,0.0,46,2026-09-10T10:23:00Z
M05,Machine D - Packaging Unit,LINE-2,38.15,0.905,95.01,12.48,1345.4,0.287,HEALTHY,OK,0.0,46,2026-09-10T10:23:00Z
M06,Machine E - Material Transfer,LINE-2,39.59,1.095,98.61,14.85,1358.8,0.32,HEALTHY,OK,0.0,46,2026-09-10T10:23:00Z
M07,Machine F - Secondary Assembly (Backup / Reroute Line),LINE-3,44.22,1.387,102.29,20.81,1317.9,0.629,HEALTHY,OK,0.0,46,2026-09-10T10:23:00Z
M08,Machine G - Finishing Station,LINE-3,41.35,0.951,97.07,16.03,1313.8,0.343,HEALTHY,OK,0.0,46,2026-09-10T10:23:00Z
M09,Machine H - Final Inspection,LINE-3,40.11,0.731,95.68,12.89,1276.6,0.184,HEALTHY,OK,0.0,46,2026-09-10T10:23:00Z
M10,Machine I - Dispatch / Palletizing,LINE-3,37.0,0.673,93.27,11.23,1256.0,0.325,HEALTHY,OK,0.0,46,2026-09-10T10:23:00Z
M01,Machine A - Cutting / Raw Material Feed,LINE-1,41.38,1.215,101.64,18.19,1200.1,0.197,HEALTHY,OK,0.0,47,2026-09-10T10:23:30Z
M02,Machine B1 - Assembly Line 1,LINE-1,45.74,1.596,102.17,22.75,1172.7,0.529,HEALTHY,OK,0.0,47,2026-09-10T10:23:30Z
M03,Machine B2 - Assembly Line 2,LINE-2,44.09,1.24,100.75,19.85,1383.3,0.403,HEALTHY,OK,0.0,47,2026-09-10T10:23:30Z
M04,Machine C - Quality Inspection,LINE-2,40.48,1.004,97.92,14.33,1384.6,0.222,HEALTHY,OK,0.0,47,2026-09-10T10:23:30Z
M05,Machine D - Packaging Unit,LINE-2,37.73,0.848,94.72,12.31,1356.3,0.329,HEALTHY,OK,0.0,47,2026-09-10T10:23:30Z
M06,Machine E - Material Transfer,LINE-2,38.94,1.172,99.68,15.07,1343.4,0.347,HEALTHY,OK,0.0,47,2026-09-10T10:23:30Z
M07,Machine F - Secondary Assembly (Backup / Reroute Line),LINE-3,43.98,1.406,101.83,20.73,1308.3,0.619,HEALTHY,OK,0.0,47,2026-09-10T10:23:30Z
M08,Machine G - Finishing Station,LINE-3,40.69,1.153,96.96,15.62,1304.1,0.446,HEALTHY,OK,0.0,47,2026-09-10T10:23:30Z
M09,Machine H - Final Inspection,LINE-3,40.03,0.829,95.08,12.8,1271.4,0.143,HEALTHY,OK,0.0,47,2026-09-10T10:23:30Z
M10,Machine I - Dispatch / Palletizing,LINE-3,37.05,0.588,93.34,10.84,1243.3,0.312,HEALTHY,OK,0.0,47,2026-09-10T10:23:30Z
M01,Machine A - Cutting / Raw Material Feed,LINE-1,42.12,1.245,101.68,18.84,1200.0,0.209,HEALTHY,OK,0.0,48,2026-09-10T10:24:00Z
M02,Machine B1 - Assembly Line 1,LINE-1,45.2,1.507,102.8,21.9,1173.5,0.513,HEALTHY,OK,0.0,48,2026-09-10T10:24:00Z
M03,Machine B2 - Assembly Line 2,LINE-2,44.16,1.293,100.17,19.63,1380.4,0.434,HEALTHY,OK,0.0,48,2026-09-10T10:24:00Z
M04,Machine C - Quality Inspection,LINE-2,39.65,1.04,97.72,13.58,1388.2,0.184,HEALTHY,OK,0.0,48,2026-09-10T10:24:00Z
M05,Machine D - Packaging Unit,LINE-2,37.84,0.902,95.57,12.51,1340.4,0.316,HEALTHY,OK,0.0,48,2026-09-10T10:24:00Z
M06,Machine E - Material Transfer,LINE-2,38.81,1.194,99.0,14.33,1352.9,0.358,HEALTHY,OK,0.0,48,2026-09-10T10:24:00Z
M07,Machine F - Secondary Assembly (Backup / Reroute Line),LINE-3,44.63,1.492,101.49,21.27,1314.2,0.607,HEALTHY,OK,0.0,48,2026-09-10T10:24:00Z
M08,Machine G - Finishing Station,LINE-3,40.49,0.968,97.16,16.27,1306.4,0.408,HEALTHY,OK,0.0,48,2026-09-10T10:24:00Z
M09,Machine H - Final Inspection,LINE-3,39.46,0.784,95.63,13.26,1289.4,0.232,HEALTHY,OK,0.0,48,2026-09-10T10:24:00Z
M10,Machine I - Dispatch / Palletizing,LINE-3,36.7,0.563,93.12,11.43,1246.8,0.277,HEALTHY,OK,0.0,48,2026-09-10T10:24:00Z
M01,Machine A - Cutting / Raw Material Feed,LINE-1,42.66,1.263,101.31,18.41,1198.9,0.207,HEALTHY,OK,0.0,49,2026-09-10T10:24:30Z
M02,Machine B1 - Assembly Line 1,LINE-1,45.64,1.521,103.36,22.35,1170.6,0.523,HEALTHY,OK,0.0,49,2026-09-10T10:24:30Z
M03,Machine B2 - Assembly Line 2,LINE-2,44.65,1.244,99.44,19.81,1369.8,0.476,HEALTHY,OK,0.0,49,2026-09-10T10:24:30Z
M04,Machine C - Quality Inspection,LINE-2,40.07,1.098,97.37,13.99,1382.4,0.178,HEALTHY,OK,0.0,49,2026-09-10T10:24:30Z
M05,Machine D - Packaging Unit,LINE-2,38.01,0.82,95.7,12.3,1366.3,0.299,HEALTHY,OK,0.0,49,2026-09-10T10:24:30Z
M06,Machine E - Material Transfer,LINE-2,39.41,1.097,98.98,14.82,1351.0,0.31,HEALTHY,OK,0.0,49,2026-09-10T10:24:30Z
M07,Machine F - Secondary Assembly (Backup / Reroute Line),LINE-3,43.69,1.394,101.69,21.69,1319.3,0.646,HEALTHY,OK,0.0,49,2026-09-10T10:24:30Z
M08,Machine G - Finishing Station,LINE-3,40.92,1.013,96.84,15.87,1301.7,0.448,HEALTHY,OK,0.0,49,2026-09-10T10:24:30Z
M09,Machine H - Final Inspection,LINE-3,40.09,0.869,96.32,13.49,1279.5,0.272,HEALTHY,OK,0.0,49,2026-09-10T10:24:30Z
M10,Machine I - Dispatch / Palletizing,LINE-3,36.81,0.662,93.39,11.7,1256.6,0.29,HEALTHY,OK,0.0,49,2026-09-10T10:24:30Z
M01,Machine A - Cutting / Raw Material Feed,LINE-1,42.5,1.234,102.28,18.04,1197.9,0.186,HEALTHY,OK,0.0,50,2026-09-10T10:25:00Z
M02,Machine B1 - Assembly Line 1,LINE-1,44.21,1.553,102.86,22.22,1198.9,0.489,HEALTHY,OK,0.0,50,2026-09-10T10:25:00Z
M03,Machine B2 - Assembly Line 2,LINE-2,45.22,1.427,100.99,20.09,1352.9,0.553,HEALTHY,OK,0.0,50,2026-09-10T10:25:00Z
M04,Machine C - Quality Inspection,LINE-2,40.15,0.898,97.39,14.45,1383.2,0.177,HEALTHY,OK,0.0,50,2026-09-10T10:25:00Z
M05,Machine D - Packaging Unit,LINE-2,37.93,0.901,95.37,12.09,1343.3,0.308,HEALTHY,OK,0.0,50,2026-09-10T10:25:00Z
M06,Machine E - Material Transfer,LINE-2,38.96,1.129,98.39,15.11,1358.7,0.315,HEALTHY,OK,0.0,50,2026-09-10T10:25:00Z
M07,Machine F - Secondary Assembly (Backup / Reroute Line),LINE-3,44.06,1.395,101.58,20.98,1330.1,0.596,HEALTHY,OK,0.0,50,2026-09-10T10:25:00Z
M08,Machine G - Finishing Station,LINE-3,40.64,0.975,97.6,15.89,1303.9,0.416,HEALTHY,OK,0.0,50,2026-09-10T10:25:00Z
M09,Machine H - Final Inspection,LINE-3,40.36,0.871,96.5,12.72,1272.8,0.198,HEALTHY,OK,0.0,50,2026-09-10T10:25:00Z
M10,Machine I - Dispatch / Palletizing,LINE-3,36.82,0.643,93.78,10.86,1244.6,0.291,HEALTHY,OK,0.0,50,2026-09-10T10:25:00Z
M01,Machine A - Cutting / Raw Material Feed,LINE-1,42.47,1.21,102.54,18.55,1197.7,0.2,HEALTHY,OK,0.0,51,2026-09-10T10:25:30Z
M02,Machine B1 - Assembly Line 1,LINE-1,45.1,1.522,104.04,21.75,1186.9,0.506,HEALTHY,OK,0.0,51,2026-09-10T10:25:30Z
M03,Machine B2 - Assembly Line 2,LINE-2,45.44,1.519,101.13,20.15,1349.4,0.523,HEALTHY,OK,0.0,51,2026-09-10T10:25:30Z
M04,Machine C - Quality Inspection,LINE-2,39.5,1.052,97.77,13.67,1381.8,0.184,HEALTHY,OK,0.0,51,2026-09-10T10:25:30Z
M05,Machine D - Packaging Unit,LINE-2,37.81,0.937,94.42,12.23,1351.2,0.329,HEALTHY,OK,0.0,51,2026-09-10T10:25:30Z
M06,Machine E - Material Transfer,LINE-2,39.5,1.067,99.47,14.76,1364.6,0.266,HEALTHY,OK,0.0,51,2026-09-10T10:25:30Z
M07,Machine F - Secondary Assembly (Backup / Reroute Line),LINE-3,44.53,1.367,103.01,21.18,1311.9,0.584,HEALTHY,OK,0.0,51,2026-09-10T10:25:30Z
M08,Machine G - Finishing Station,LINE-3,41.31,1.053,97.46,16.01,1306.1,0.404,HEALTHY,OK,0.0,51,2026-09-10T10:25:30Z
M09,Machine H - Final Inspection,LINE-3,39.48,0.759,96.12,13.36,1292.9,0.223,HEALTHY,OK,0.0,51,2026-09-10T10:25:30Z
M10,Machine I - Dispatch / Palletizing,LINE-3,37.11,0.737,93.67,10.95,1243.4,0.263,HEALTHY,OK,0.0,51,2026-09-10T10:25:30Z
M01,Machine A - Cutting / Raw Material Feed,LINE-1,42.13,1.209,101.64,18.66,1201.9,0.217,HEALTHY,OK,0.0,52,2026-09-10T10:26:00Z
M02,Machine B1 - Assembly Line 1,LINE-1,44.98,1.521,102.64,22.11,1185.3,0.48,HEALTHY,OK,0.0,52,2026-09-10T10:26:00Z
M03,Machine B2 - Assembly Line 2,LINE-2,46.82,1.516,100.24,20.24,1350.5,0.667,HEALTHY,OK,0.0,52,2026-09-10T10:26:00Z
M04,Machine C - Quality Inspection,LINE-2,40.21,1.099,97.91,14.91,1378.2,0.208,HEALTHY,OK,0.0,52,2026-09-10T10:26:00Z
M05,Machine D - Packaging Unit,LINE-2,37.84,0.919,95.42,12.47,1364.2,0.307,HEALTHY,OK,0.0,52,2026-09-10T10:26:00Z
M06,Machine E - Material Transfer,LINE-2,39.11,1.055,99.21,14.96,1345.1,0.277,HEALTHY,OK,0.0,52,2026-09-10T10:26:00Z
M07,Machine F - Secondary Assembly (Backup / Reroute Line),LINE-3,45.07,1.387,101.27,20.79,1319.6,0.616,HEALTHY,OK,0.0,52,2026-09-10T10:26:00Z
M08,Machine G - Finishing Station,LINE-3,41.22,1.034,97.18,16.1,1293.0,0.381,HEALTHY,OK,0.0,52,2026-09-10T10:26:00Z
M09,Machine H - Final Inspection,LINE-3,39.63,0.741,96.53,13.21,1287.8,0.201,HEALTHY,OK,0.0,52,2026-09-10T10:26:00Z
M10,Machine I - Dispatch / Palletizing,LINE-3,37.31,0.612,94.43,11.05,1255.0,0.311,HEALTHY,OK,0.0,52,2026-09-10T10:26:00Z
M01,Machine A - Cutting / Raw Material Feed,LINE-1,41.61,1.125,100.94,18.67,1205.5,0.159,HEALTHY,OK,0.0,53,2026-09-10T10:26:30Z
M02,Machine B1 - Assembly Line 1,LINE-1,44.61,1.464,102.82,21.59,1168.6,0.475,HEALTHY,OK,0.0,53,2026-09-10T10:26:30Z
M03,Machine B2 - Assembly Line 2,LINE-2,47.6,1.563,100.44,21.07,1320.4,0.695,HEALTHY,OK,0.0,53,2026-09-10T10:26:30Z
M04,Machine C - Quality Inspection,LINE-2,40.41,0.979,97.71,14.35,1377.6,0.233,HEALTHY,OK,0.0,53,2026-09-10T10:26:30Z
M05,Machine D - Packaging Unit,LINE-2,38.17,0.883,95.24,12.6,1358.2,0.284,HEALTHY,OK,0.0,53,2026-09-10T10:26:30Z
M06,Machine E - Material Transfer,LINE-2,39.02,1.097,99.35,14.69,1358.1,0.314,HEALTHY,OK,0.0,53,2026-09-10T10:26:30Z
M07,Machine F - Secondary Assembly (Backup / Reroute Line),LINE-3,43.47,1.46,103.12,21.3,1331.4,0.603,HEALTHY,OK,0.0,53,2026-09-10T10:26:30Z
M08,Machine G - Finishing Station,LINE-3,40.34,0.908,97.63,15.82,1292.7,0.398,HEALTHY,OK,0.0,53,2026-09-10T10:26:30Z
M09,Machine H - Final Inspection,LINE-3,40.25,0.727,95.78,13.45,1271.4,0.226,HEALTHY,OK,0.0,53,2026-09-10T10:26:30Z
M10,Machine I - Dispatch / Palletizing,LINE-3,36.81,0.727,94.55,11.22,1257.3,0.265,HEALTHY,OK,0.0,53,2026-09-10T10:26:30Z
M01,Machine A - Cutting / Raw Material Feed,LINE-1,42.45,1.157,101.43,18.58,1203.9,0.21,HEALTHY,OK,0.0,54,2026-09-10T10:27:00Z
M02,Machine B1 - Assembly Line 1,LINE-1,44.66,1.433,103.44,22.06,1189.2,0.499,HEALTHY,OK,0.0,54,2026-09-10T10:27:00Z
M03,Machine B2 - Assembly Line 2,LINE-2,47.83,1.752,100.31,21.03,1315.5,0.821,WARNING,OK,0.0,54,2026-09-10T10:27:00Z
M04,Machine C - Quality Inspection,LINE-2,39.65,0.983,98.05,13.67,1382.6,0.248,HEALTHY,OK,0.0,54,2026-09-10T10:27:00Z
M05,Machine D - Packaging Unit,LINE-2,37.8,0.92,93.63,12.49,1347.5,0.275,HEALTHY,OK,0.0,54,2026-09-10T10:27:00Z
M06,Machine E - Material Transfer,LINE-2,39.43,1.084,98.91,14.89,1334.7,0.266,HEALTHY,OK,0.0,54,2026-09-10T10:27:00Z
M07,Machine F - Secondary Assembly (Backup / Reroute Line),LINE-3,44.38,1.295,101.62,20.88,1333.9,0.623,HEALTHY,OK,0.0,54,2026-09-10T10:27:00Z
M08,Machine G - Finishing Station,LINE-3,40.78,1.065,97.13,16.3,1289.1,0.432,HEALTHY,OK,0.0,54,2026-09-10T10:27:00Z
M09,Machine H - Final Inspection,LINE-3,39.84,0.749,95.89,13.08,1276.0,0.217,HEALTHY,OK,0.0,54,2026-09-10T10:27:00Z
M10,Machine I - Dispatch / Palletizing,LINE-3,36.77,0.731,94.22,10.98,1246.5,0.305,HEALTHY,OK,0.0,54,2026-09-10T10:27:00Z
M01,Machine A - Cutting / Raw Material Feed,LINE-1,42.22,1.303,101.77,18.79,1224.7,0.215,HEALTHY,OK,0.0,55,2026-09-10T10:27:30Z
M02,Machine B1 - Assembly Line 1,LINE-1,45.19,1.535,102.5,21.87,1176.0,0.519,HEALTHY,OK,0.0,55,2026-09-10T10:27:30Z
M03,Machine B2 - Assembly Line 2,LINE-2,49.18,1.801,101.04,21.39,1308.7,0.829,WARNING,OK,0.0,55,2026-09-10T10:27:30Z
M04,Machine C - Quality Inspection,LINE-2,40.45,1.039,97.2,13.91,1381.3,0.223,HEALTHY,OK,0.0,55,2026-09-10T10:27:30Z
M05,Machine D - Packaging Unit,LINE-2,38.36,0.914,95.29,12.52,1344.6,0.292,HEALTHY,OK,0.0,55,2026-09-10T10:27:30Z
M06,Machine E - Material Transfer,LINE-2,39.01,1.098,98.06,14.88,1350.4,0.292,HEALTHY,OK,0.0,55,2026-09-10T10:27:30Z
M07,Machine F - Secondary Assembly (Backup / Reroute Line),LINE-3,43.9,1.424,101.46,20.51,1317.2,0.623,HEALTHY,OK,0.0,55,2026-09-10T10:27:30Z
M08,Machine G - Finishing Station,LINE-3,41.68,1.039,96.77,15.93,1302.1,0.405,HEALTHY,OK,0.0,55,2026-09-10T10:27:30Z
M09,Machine H - Final Inspection,LINE-3,40.22,0.754,96.03,13.13,1286.6,0.176,HEALTHY,OK,0.0,55,2026-09-10T10:27:30Z
M10,Machine I - Dispatch / Palletizing,LINE-3,36.86,0.565,93.69,10.84,1241.8,0.305,HEALTHY,OK,0.0,55,2026-09-10T10:27:30Z
M01,Machine A - Cutting / Raw Material Feed,LINE-1,41.98,1.087,101.41,18.22,1203.9,0.162,HEALTHY,OK,0.0,56,2026-09-10T10:28:00Z
M02,Machine B1 - Assembly Line 1,LINE-1,45.01,1.486,103.15,22.04,1178.0,0.454,HEALTHY,OK,0.0,56,2026-09-10T10:28:00Z
M03,Machine B2 - Assembly Line 2,LINE-2,49.55,1.862,100.5,21.15,1303.9,0.924,WARNING,OK,0.0,56,2026-09-10T10:28:00Z
M04,Machine C - Quality Inspection,LINE-2,39.61,0.986,98.11,14.1,1395.0,0.18,HEALTHY,OK,0.0,56,2026-09-10T10:28:00Z
M05,Machine D - Packaging Unit,LINE-2,37.97,0.921,94.99,12.35,1337.6,0.285,HEALTHY,OK,0.0,56,2026-09-10T10:28:00Z
M06,Machine E - Material Transfer,LINE-2,38.57,1.014,98.6,14.69,1354.7,0.318,HEALTHY,OK,0.0,56,2026-09-10T10:28:00Z
M07,Machine F - Secondary Assembly (Backup / Reroute Line),LINE-3,43.64,1.387,101.07,20.85,1323.2,0.625,HEALTHY,OK,0.0,56,2026-09-10T10:28:00Z
M08,Machine G - Finishing Station,LINE-3,40.71,1.053,96.74,15.63,1305.7,0.45,HEALTHY,OK,0.0,56,2026-09-10T10:28:00Z
M09,Machine H - Final Inspection,LINE-3,40.2,0.798,94.9,12.39,1281.0,0.189,HEALTHY,OK,0.0,56,2026-09-10T10:28:00Z
M10,Machine I - Dispatch / Palletizing,LINE-3,36.56,0.703,94.06,11.28,1251.1,0.337,HEALTHY,OK,0.0,56,2026-09-10T10:28:00Z
M01,Machine A - Cutting / Raw Material Feed,LINE-1,42.0,1.194,101.83,18.21,1222.5,0.211,HEALTHY,OK,0.0,57,2026-09-10T10:28:30Z
M02,Machine B1 - Assembly Line 1,LINE-1,45.15,1.526,103.94,22.24,1167.2,0.542,HEALTHY,OK,0.0,57,2026-09-10T10:28:30Z
M03,Machine B2 - Assembly Line 2,LINE-2,50.93,1.999,99.86,21.69,1282.2,1.022,WARNING,OK,0.0,57,2026-09-10T10:28:30Z
M04,Machine C - Quality Inspection,LINE-2,39.89,1.096,98.99,14.01,1380.5,0.189,HEALTHY,OK,0.0,57,2026-09-10T10:28:30Z
M05,Machine D - Packaging Unit,LINE-2,38.44,0.884,94.79,12.79,1345.7,0.299,HEALTHY,OK,0.0,57,2026-09-10T10:28:30Z
M06,Machine E - Material Transfer,LINE-2,38.37,1.135,99.97,15.22,1361.7,0.275,HEALTHY,OK,0.0,57,2026-09-10T10:28:30Z
M07,Machine F - Secondary Assembly (Backup / Reroute Line),LINE-3,44.09,1.353,101.89,21.23,1320.8,0.558,HEALTHY,OK,0.0,57,2026-09-10T10:28:30Z
M08,Machine G - Finishing Station,LINE-3,40.47,0.931,97.75,16.62,1310.9,0.343,HEALTHY,OK,0.0,57,2026-09-10T10:28:30Z
M09,Machine H - Final Inspection,LINE-3,40.57,0.847,95.23,12.91,1288.8,0.217,HEALTHY,OK,0.0,57,2026-09-10T10:28:30Z
M10,Machine I - Dispatch / Palletizing,LINE-3,36.48,0.731,92.93,10.93,1259.1,0.301,HEALTHY,OK,0.0,57,2026-09-10T10:28:30Z
M01,Machine A - Cutting / Raw Material Feed,LINE-1,41.8,1.244,101.79,18.89,1207.0,0.232,HEALTHY,OK,0.0,58,2026-09-10T10:29:00Z
M02,Machine B1 - Assembly Line 1,LINE-1,45.29,1.513,103.04,21.93,1170.3,0.471,HEALTHY,OK,0.0,58,2026-09-10T10:29:00Z
M03,Machine B2 - Assembly Line 2,LINE-2,51.91,2.116,101.22,21.74,1283.6,1.142,WARNING,OK,0.0,58,2026-09-10T10:29:00Z
M04,Machine C - Quality Inspection,LINE-2,39.91,1.03,97.88,14.4,1385.1,0.164,HEALTHY,OK,0.1,58,2026-09-10T10:29:00Z
M05,Machine D - Packaging Unit,LINE-2,38.06,0.982,94.91,12.63,1354.4,0.269,HEALTHY,OK,0.0,58,2026-09-10T10:29:00Z
M06,Machine E - Material Transfer,LINE-2,39.2,1.03,98.69,15.32,1352.9,0.291,HEALTHY,OK,0.0,58,2026-09-10T10:29:00Z
M07,Machine F - Secondary Assembly (Backup / Reroute Line),LINE-3,44.18,1.397,102.01,21.2,1314.2,0.601,HEALTHY,OK,0.0,58,2026-09-10T10:29:00Z
M08,Machine G - Finishing Station,LINE-3,40.88,0.921,97.04,16.47,1303.1,0.36,HEALTHY,OK,0.0,58,2026-09-10T10:29:00Z
M09,Machine H - Final Inspection,LINE-3,39.38,0.794,96.78,12.94,1290.5,0.211,HEALTHY,OK,0.0,58,2026-09-10T10:29:00Z
M10,Machine I - Dispatch / Palletizing,LINE-3,37.19,0.633,94.47,10.9,1256.9,0.276,HEALTHY,OK,0.0,58,2026-09-10T10:29:00Z
M01,Machine A - Cutting / Raw Material Feed,LINE-1,42.07,1.218,101.22,18.62,1197.9,0.181,HEALTHY,OK,0.0,59,2026-09-10T10:29:30Z
M02,Machine B1 - Assembly Line 1,LINE-1,45.64,1.552,102.62,22.17,1174.1,0.464,HEALTHY,OK,0.0,59,2026-09-10T10:29:30Z
M03,Machine B2 - Assembly Line 2,LINE-2,53.4,2.135,100.96,21.88,1261.8,1.217,WARNING,OK,0.0,59,2026-09-10T10:29:30Z
M04,Machine C - Quality Inspection,LINE-2,40.23,0.959,98.36,14.03,1370.0,0.195,HEALTHY,OK,1.3,59,2026-09-10T10:29:30Z
M05,Machine D - Packaging Unit,LINE-2,38.55,0.984,95.36,12.14,1353.9,0.326,HEALTHY,OK,0.0,59,2026-09-10T10:29:30Z
M06,Machine E - Material Transfer,LINE-2,39.29,1.139,99.18,14.98,1345.1,0.243,HEALTHY,OK,0.0,59,2026-09-10T10:29:30Z
M07,Machine F - Secondary Assembly (Backup / Reroute Line),LINE-3,44.14,1.409,102.28,20.6,1325.2,0.662,HEALTHY,OK,0.0,59,2026-09-10T10:29:30Z
M08,Machine G - Finishing Station,LINE-3,41.03,0.997,97.65,16.61,1291.8,0.406,HEALTHY,OK,0.0,59,2026-09-10T10:29:30Z
M09,Machine H - Final Inspection,LINE-3,39.68,0.773,95.98,13.4,1294.4,0.213,HEALTHY,OK,0.0,59,2026-09-10T10:29:30Z
M10,Machine I - Dispatch / Palletizing,LINE-3,36.85,0.825,93.79,10.83,1235.8,0.342,HEALTHY,OK,0.0,59,2026-09-10T10:29:30Z
M01,Machine A - Cutting / Raw Material Feed,LINE-1,42.39,1.321,100.61,18.94,1200.6,0.224,HEALTHY,OK,0.0,60,2026-09-10T10:30:00Z
M02,Machine B1 - Assembly Line 1,LINE-1,44.34,1.573,103.39,21.99,1185.2,0.477,HEALTHY,OK,0.0,60,2026-09-10T10:30:00Z
M03,Machine B2 - Assembly Line 2,LINE-2,53.75,2.318,99.57,22.45,1260.8,1.283,WARNING,OK,0.0,60,2026-09-10T10:30:00Z
M04,Machine C - Quality Inspection,LINE-2,40.14,0.987,98.16,13.81,1372.9,0.232,HEALTHY,OK,2.5,60,2026-09-10T10:30:00Z
M05,Machine D - Packaging Unit,LINE-2,37.97,1.001,95.02,12.22,1359.8,0.319,HEALTHY,OK,1.0,60,2026-09-10T10:30:00Z
M06,Machine E - Material Transfer,LINE-2,39.29,1.16,98.67,14.96,1348.6,0.261,HEALTHY,OK,0.0,60,2026-09-10T10:30:00Z
M07,Machine F - Secondary Assembly (Backup / Reroute Line),LINE-3,43.89,1.467,102.12,20.6,1307.6,0.65,HEALTHY,OK,0.0,60,2026-09-10T10:30:00Z
M08,Machine G - Finishing Station,LINE-3,40.96,0.968,97.36,15.56,1311.4,0.388,HEALTHY,OK,0.0,60,2026-09-10T10:30:00Z
M09,Machine H - Final Inspection,LINE-3,40.55,0.803,96.71,13.08,1286.8,0.222,HEALTHY,OK,0.0,60,2026-09-10T10:30:00Z
M10,Machine I - Dispatch / Palletizing,LINE-3,37.25,0.717,93.88,11.57,1242.7,0.3,HEALTHY,OK,0.0,60,2026-09-10T10:30:00Z
M01,Machine A - Cutting / Raw Material Feed,LINE-1,42.01,1.22,101.09,18.59,1198.6,0.153,HEALTHY,OK,0.0,61,2026-09-10T10:30:30Z
M02,Machine B1 - Assembly Line 1,LINE-1,45.0,1.445,102.13,22.04,1183.9,0.516,HEALTHY,OK,0.0,61,2026-09-10T10:30:30Z
M03,Machine B2 - Assembly Line 2,LINE-2,55.21,2.37,99.82,23.0,1230.4,1.424,WARNING,OK,0.0,61,2026-09-10T10:30:30Z
M04,Machine C - Quality Inspection,LINE-2,39.73,1.004,97.68,14.17,1381.1,0.187,HEALTHY,OK,3.7,61,2026-09-10T10:30:30Z
M05,Machine D - Packaging Unit,LINE-2,37.58,0.913,94.39,12.63,1371.0,0.341,HEALTHY,OK,2.2,61,2026-09-10T10:30:30Z
M06,Machine E - Material Transfer,LINE-2,39.29,1.096,98.03,14.6,1360.3,0.276,HEALTHY,OK,0.7,61,2026-09-10T10:30:30Z
M07,Machine F - Secondary Assembly (Backup / Reroute Line),LINE-3,43.72,1.392,101.47,20.63,1319.6,0.573,HEALTHY,OK,0.0,61,2026-09-10T10:30:30Z
M08,Machine G - Finishing Station,LINE-3,40.7,0.961,97.76,15.93,1298.6,0.418,HEALTHY,OK,0.0,61,2026-09-10T10:30:30Z
M09,Machine H - Final Inspection,LINE-3,39.94,0.786,96.24,13.2,1278.8,0.202,HEALTHY,OK,0.0,61,2026-09-10T10:30:30Z
M10,Machine I - Dispatch / Palletizing,LINE-3,36.69,0.657,94.38,11.13,1253.6,0.308,HEALTHY,OK,0.0,61,2026-09-10T10:30:30Z
M01,Machine A - Cutting / Raw Material Feed,LINE-1,42.02,1.235,101.77,18.77,1199.2,0.242,HEALTHY,OK,0.0,62,2026-09-10T10:31:00Z
M02,Machine B1 - Assembly Line 1,LINE-1,45.09,1.532,103.14,22.07,1174.1,0.521,HEALTHY,OK,0.0,62,2026-09-10T10:31:00Z
M03,Machine B2 - Assembly Line 2,LINE-2,57.13,2.577,100.54,22.51,1222.4,1.556,WARNING,OK,0.0,62,2026-09-10T10:31:00Z
M04,Machine C - Quality Inspection,LINE-2,39.73,0.976,97.21,13.77,1366.3,0.219,HEALTHY,OK,4.9,62,2026-09-10T10:31:00Z
M05,Machine D - Packaging Unit,LINE-2,39.12,0.882,94.17,12.77,1344.2,0.339,HEALTHY,OK,3.4,62,2026-09-10T10:31:00Z
M06,Machine E - Material Transfer,LINE-2,38.89,1.068,98.91,15.23,1348.2,0.285,HEALTHY,OK,1.9,62,2026-09-10T10:31:00Z
M07,Machine F - Secondary Assembly (Backup / Reroute Line),LINE-3,43.92,1.336,102.2,20.46,1316.4,0.623,HEALTHY,OK,0.4,62,2026-09-10T10:31:00Z
M08,Machine G - Finishing Station,LINE-3,41.12,1.03,97.47,16.35,1307.4,0.413,HEALTHY,OK,0.0,62,2026-09-10T10:31:00Z
M09,Machine H - Final Inspection,LINE-3,40.37,0.838,95.78,12.6,1283.4,0.216,HEALTHY,OK,0.0,62,2026-09-10T10:31:00Z
M10,Machine I - Dispatch / Palletizing,LINE-3,37.44,0.653,93.55,11.14,1249.4,0.243,HEALTHY,OK,0.0,62,2026-09-10T10:31:00Z
M01,Machine A - Cutting / Raw Material Feed,LINE-1,42.15,1.107,100.83,18.91,1214.6,0.164,HEALTHY,OK,0.0,63,2026-09-10T10:31:30Z
M02,Machine B1 - Assembly Line 1,LINE-1,44.87,1.502,103.89,21.85,1176.2,0.546,HEALTHY,OK,0.0,63,2026-09-10T10:31:30Z
M03,Machine B2 - Assembly Line 2,LINE-2,56.86,2.765,99.76,22.81,1200.4,1.583,WARNING,OK,0.0,63,2026-09-10T10:31:30Z
M04,Machine C - Quality Inspection,LINE-2,40.34,0.998,97.84,13.78,1135.7,0.209,WARNING,OK,6.1,63,2026-09-10T10:31:30Z
M05,Machine D - Packaging Unit,LINE-2,38.39,0.769,94.58,12.55,1349.2,0.312,HEALTHY,OK,4.6,63,2026-09-10T10:31:30Z
M06,Machine E - Material Transfer,LINE-2,39.11,1.085,98.74,14.93,1359.2,0.278,HEALTHY,OK,3.1,63,2026-09-10T10:31:30Z
M07,Machine F - Secondary Assembly (Backup / Reroute Line),LINE-3,43.97,1.409,102.78,20.91,1327.7,0.637,HEALTHY,OK,1.6,63,2026-09-10T10:31:30Z
M08,Machine G - Finishing Station,LINE-3,40.97,0.989,97.34,15.92,1306.8,0.407,HEALTHY,OK,0.1,63,2026-09-10T10:31:30Z
M09,Machine H - Final Inspection,LINE-3,40.09,0.744,95.52,13.64,1278.6,0.177,HEALTHY,OK,0.0,63,2026-09-10T10:31:30Z
M10,Machine I - Dispatch / Palletizing,LINE-3,37.57,0.714,94.29,10.96,1247.5,0.295,HEALTHY,OK,0.0,63,2026-09-10T10:31:30Z
M01,Machine A - Cutting / Raw Material Feed,LINE-1,41.45,1.196,101.45,19.06,1200.7,0.13,HEALTHY,OK,0.0,64,2026-09-10T10:32:00Z
M02,Machine B1 - Assembly Line 1,LINE-1,44.96,1.637,103.43,21.76,1184.7,0.478,HEALTHY,OK,0.0,64,2026-09-10T10:32:00Z
M03,Machine B2 - Assembly Line 2,LINE-2,57.48,2.847,100.55,22.53,1192.0,1.722,CRITICAL,OK,0.0,64,2026-09-10T10:32:00Z
M04,Machine C - Quality Inspection,LINE-2,39.84,1.02,97.39,14.21,1113.2,0.249,WARNING,OK,7.3,64,2026-09-10T10:32:00Z
M05,Machine D - Packaging Unit,LINE-2,37.31,0.845,95.21,13.0,1136.6,0.317,WARNING,OK,5.8,64,2026-09-10T10:32:00Z
M06,Machine E - Material Transfer,LINE-2,39.01,1.049,98.75,14.64,1339.8,0.312,HEALTHY,OK,4.3,64,2026-09-10T10:32:00Z
M07,Machine F - Secondary Assembly (Backup / Reroute Line),LINE-3,43.55,1.416,101.35,21.09,1316.1,0.642,HEALTHY,OK,2.8,64,2026-09-10T10:32:00Z
M08,Machine G - Finishing Station,LINE-3,41.13,1.062,97.12,16.02,1292.2,0.388,HEALTHY,OK,1.3,64,2026-09-10T10:32:00Z
M09,Machine H - Final Inspection,LINE-3,39.9,0.764,95.39,12.58,1261.3,0.168,HEALTHY,OK,0.0,64,2026-09-10T10:32:00Z
M10,Machine I - Dispatch / Palletizing,LINE-3,37.25,0.62,93.32,11.54,1244.9,0.31,HEALTHY,OK,0.0,64,2026-09-10T10:32:00Z
M01,Machine A - Cutting / Raw Material Feed,LINE-1,42.26,1.233,100.54,18.43,1187.1,0.273,HEALTHY,OK,0.0,65,2026-09-10T10:32:30Z
M02,Machine B1 - Assembly Line 1,LINE-1,44.36,1.448,102.48,21.55,1190.8,0.573,HEALTHY,OK,0.0,65,2026-09-10T10:32:30Z
M03,Machine B2 - Assembly Line 2,LINE-2,58.83,2.934,99.38,23.24,1186.2,1.81,CRITICAL,OK,0.0,65,2026-09-10T10:32:30Z
M04,Machine C - Quality Inspection,LINE-2,40.09,1.02,98.16,13.91,1097.6,0.22,WARNING,OK,8.5,65,2026-09-10T10:32:30Z
M05,Machine D - Packaging Unit,LINE-2,38.01,0.944,95.4,12.07,1111.5,0.277,WARNING,OK,7.0,65,2026-09-10T10:32:30Z
M06,Machine E - Material Transfer,LINE-2,38.58,1.138,99.18,15.33,1158.1,0.306,WARNING,OK,5.5,65,2026-09-10T10:32:30Z
M07,Machine F - Secondary Assembly (Backup / Reroute Line),LINE-3,44.48,1.423,102.03,21.44,1320.9,0.591,HEALTHY,OK,4.0,65,2026-09-10T10:32:30Z
M08,Machine G - Finishing Station,LINE-3,40.66,1.035,98.12,15.98,1310.5,0.341,HEALTHY,OK,2.5,65,2026-09-10T10:32:30Z
M09,Machine H - Final Inspection,LINE-3,39.98,0.798,95.64,13.72,1279.5,0.188,HEALTHY,OK,1.0,65,2026-09-10T10:32:30Z
M10,Machine I - Dispatch / Palletizing,LINE-3,37.01,0.6,93.62,11.29,1245.0,0.275,HEALTHY,OK,0.0,65,2026-09-10T10:32:30Z
M01,Machine A - Cutting / Raw Material Feed,LINE-1,42.52,1.267,101.56,18.36,1198.1,0.176,HEALTHY,OK,0.0,66,2026-09-10T10:33:00Z
M02,Machine B1 - Assembly Line 1,LINE-1,44.6,1.448,102.69,21.69,1167.5,0.507,HEALTHY,OK,0.0,66,2026-09-10T10:33:00Z
M03,Machine B2 - Assembly Line 2,LINE-2,60.1,3.223,100.17,23.63,1179.0,1.929,CRITICAL,OK,0.0,66,2026-09-10T10:33:00Z
M04,Machine C - Quality Inspection,LINE-2,40.3,1.039,98.16,13.92,1086.4,0.159,WARNING,OK,9.7,66,2026-09-10T10:33:00Z
M05,Machine D - Packaging Unit,LINE-2,37.68,0.869,94.44,12.63,1115.6,0.273,WARNING,OK,8.2,66,2026-09-10T10:33:00Z
M06,Machine E - Material Transfer,LINE-2,39.11,1.048,98.85,14.79,1148.1,0.28,WARNING,OK,6.7,66,2026-09-10T10:33:00Z
M07,Machine F - Secondary Assembly (Backup / Reroute Line),LINE-3,44.4,1.388,101.68,20.62,1150.6,0.627,WARNING,OK,5.2,66,2026-09-10T10:33:00Z
M08,Machine G - Finishing Station,LINE-3,41.11,1.112,98.21,15.91,1297.5,0.414,HEALTHY,OK,3.7,66,2026-09-10T10:33:00Z
M09,Machine H - Final Inspection,LINE-3,39.66,0.858,96.18,13.08,1285.5,0.252,HEALTHY,OK,2.2,66,2026-09-10T10:33:00Z
M10,Machine I - Dispatch / Palletizing,LINE-3,37.07,0.694,94.75,11.29,1247.4,0.3,HEALTHY,OK,0.7,66,2026-09-10T10:33:00Z
M01,Machine A - Cutting / Raw Material Feed,LINE-1,42.08,1.218,100.62,18.04,1192.9,0.171,HEALTHY,OK,0.0,67,2026-09-10T10:33:30Z
M02,Machine B1 - Assembly Line 1,LINE-1,44.74,1.532,102.92,22.06,1170.2,0.486,HEALTHY,OK,0.0,67,2026-09-10T10:33:30Z
M03,Machine B2 - Assembly Line 2,LINE-2,61.21,3.305,100.14,23.8,1182.0,2.043,CRITICAL,OK,0.0,67,2026-09-10T10:33:30Z
M04,Machine C - Quality Inspection,LINE-2,39.72,0.991,98.05,13.95,1072.7,0.157,WARNING,OK,10.9,67,2026-09-10T10:33:30Z
M05,Machine D - Packaging Unit,LINE-2,37.61,0.893,94.92,12.33,1093.5,0.302,WARNING,OK,9.4,67,2026-09-10T10:33:30Z
M06,Machine E - Material Transfer,LINE-2,39.36,1.095,99.2,14.84,1136.8,0.311,WARNING,OK,7.9,67,2026-09-10T10:33:30Z
M07,Machine F - Secondary Assembly (Backup / Reroute Line),LINE-3,44.35,1.436,102.29,20.97,1141.3,0.632,WARNING,OK,6.4,67,2026-09-10T10:33:30Z
M08,Machine G - Finishing Station,LINE-3,40.74,0.969,97.59,16.12,1293.4,0.398,HEALTHY,OK,4.9,67,2026-09-10T10:33:30Z
M09,Machine H - Final Inspection,LINE-3,39.96,0.689,95.89,12.95,1278.7,0.242,HEALTHY,OK,3.4,67,2026-09-10T10:33:30Z
M10,Machine I - Dispatch / Palletizing,LINE-3,36.51,0.659,92.69,10.86,1246.8,0.285,HEALTHY,OK,1.9,67,2026-09-10T10:33:30Z
M01,Machine A - Cutting / Raw Material Feed,LINE-1,42.44,1.243,101.34,18.39,1208.2,0.199,HEALTHY,OK,0.0,68,2026-09-10T10:34:00Z
M02,Machine B1 - Assembly Line 1,LINE-1,44.67,1.414,102.78,22.23,1198.2,0.502,HEALTHY,OK,0.0,68,2026-09-10T10:34:00Z
M03,Machine B2 - Assembly Line 2,LINE-2,61.62,3.352,100.78,23.44,1157.0,2.174,CRITICAL,OK,0.0,68,2026-09-10T10:34:00Z
M04,Machine C - Quality Inspection,LINE-2,40.17,0.989,98.28,14.05,1052.8,0.256,WARNING,OK,12.1,68,2026-09-10T10:34:00Z
M05,Machine D - Packaging Unit,LINE-2,37.86,0.939,93.79,12.88,1091.3,0.301,WARNING,OK,10.6,68,2026-09-10T10:34:00Z
M06,Machine E - Material Transfer,LINE-2,39.22,1.128,98.68,15.16,1116.7,0.282,WARNING,OK,9.1,68,2026-09-10T10:34:00Z
M07,Machine F - Secondary Assembly (Backup / Reroute Line),LINE-3,44.45,1.449,101.65,20.78,1126.1,0.622,WARNING,OK,7.6,68,2026-09-10T10:34:00Z
M08,Machine G - Finishing Station,LINE-3,40.6,1.018,97.87,15.97,1148.5,0.391,WARNING,OK,6.1,68,2026-09-10T10:34:00Z
M09,Machine H - Final Inspection,LINE-3,39.91,0.751,96.51,12.77,1282.8,0.198,HEALTHY,OK,4.6,68,2026-09-10T10:34:00Z
M10,Machine I - Dispatch / Palletizing,LINE-3,36.58,0.67,94.69,11.06,1241.9,0.309,HEALTHY,OK,3.1,68,2026-09-10T10:34:00Z
M01,Machine A - Cutting / Raw Material Feed,LINE-1,41.94,1.373,101.44,18.39,1211.4,0.145,HEALTHY,OK,0.0,69,2026-09-10T10:34:30Z
M02,Machine B1 - Assembly Line 1,LINE-1,45.04,1.6,102.94,21.48,1176.8,0.544,HEALTHY,OK,0.0,69,2026-09-10T10:34:30Z
M03,Machine B2 - Assembly Line 2,LINE-2,63.01,3.503,100.16,24.0,1144.0,2.293,CRITICAL,OK,0.0,69,2026-09-10T10:34:30Z
M04,Machine C - Quality Inspection,LINE-2,40.42,1.023,97.33,13.6,1045.8,0.16,WARNING,OK,13.2,69,2026-09-10T10:34:30Z
M05,Machine D - Packaging Unit,LINE-2,37.91,0.915,94.43,12.19,1068.8,0.315,WARNING,OK,11.7,69,2026-09-10T10:34:30Z
M06,Machine E - Material Transfer,LINE-2,39.42,1.13,99.04,14.78,1104.4,0.285,WARNING,OK,10.2,69,2026-09-10T10:34:30Z
M07,Machine F - Secondary Assembly (Backup / Reroute Line),LINE-3,44.16,1.417,100.95,20.76,1129.9,0.602,WARNING,OK,8.7,69,2026-09-10T10:34:30Z
M08,Machine G - Finishing Station,LINE-3,40.43,1.118,97.49,16.12,1136.9,0.389,WARNING,OK,7.2,69,2026-09-10T10:34:30Z
M09,Machine H - Final Inspection,LINE-3,39.71,0.906,96.5,13.25,1145.2,0.17,WARNING,OK,5.7,69,2026-09-10T10:34:30Z
M10,Machine I - Dispatch / Palletizing,LINE-3,37.51,0.658,94.14,10.51,1233.7,0.31,HEALTHY,OK,4.2,69,2026-09-10T10:34:30Z
M01,Machine A - Cutting / Raw Material Feed,LINE-1,41.68,1.101,101.57,19.14,1211.1,0.192,HEALTHY,OK,0.0,70,2026-09-10T10:35:00Z
M02,Machine B1 - Assembly Line 1,LINE-1,45.0,1.544,103.56,21.9,1180.3,0.509,HEALTHY,OK,0.0,70,2026-09-10T10:35:00Z
M03,Machine B2 - Assembly Line 2,LINE-2,63.97,3.67,100.44,24.79,1139.7,2.367,CRITICAL,OK,0.0,70,2026-09-10T10:35:00Z
M04,Machine C - Quality Inspection,LINE-2,40.69,0.981,98.81,14.16,1047.6,0.164,WARNING,OK,14.2,70,2026-09-10T10:35:00Z
M05,Machine D - Packaging Unit,LINE-2,37.72,0.921,95.2,13.09,1053.2,0.327,WARNING,OK,12.7,70,2026-09-10T10:35:00Z
M06,Machine E - Material Transfer,LINE-2,39.46,1.135,98.52,15.42,1109.3,0.318,WARNING,OK,11.2,70,2026-09-10T10:35:00Z
M07,Machine F - Secondary Assembly (Backup / Reroute Line),LINE-3,44.08,1.411,101.96,21.19,1113.5,0.575,WARNING,OK,9.7,70,2026-09-10T10:35:00Z
M08,Machine G - Finishing Station,LINE-3,40.58,0.962,97.61,15.99,1128.4,0.415,WARNING,OK,8.2,70,2026-09-10T10:35:00Z
M09,Machine H - Final Inspection,LINE-3,39.75,0.873,95.87,12.87,1138.6,0.145,WARNING,OK,6.7,70,2026-09-10T10:35:00Z
M10,Machine I - Dispatch / Palletizing,LINE-3,36.68,0.749,93.13,11.34,1140.7,0.289,WARNING,OK,5.2,70,2026-09-10T10:35:00Z
M01,Machine A - Cutting / Raw Material Feed,LINE-1,42.12,1.256,101.07,18.76,1194.6,0.186,HEALTHY,OK,0.0,71,2026-09-10T10:35:30Z
M02,Machine B1 - Assembly Line 1,LINE-1,44.68,1.517,103.58,21.94,1169.8,0.468,HEALTHY,OK,0.0,71,2026-09-10T10:35:30Z
M03,Machine B2 - Assembly Line 2,LINE-2,64.77,3.897,100.7,24.45,1125.4,2.444,CRITICAL,OK,0.0,71,2026-09-10T10:35:30Z
M04,Machine C - Quality Inspection,LINE-2,39.85,0.952,98.7,13.24,1018.9,0.186,WARNING,OK,15.3,71,2026-09-10T10:35:30Z
M05,Machine D - Packaging Unit,LINE-2,37.84,0.985,94.64,12.3,1045.1,0.312,WARNING,OK,13.8,71,2026-09-10T10:35:30Z
M06,Machine E - Material Transfer,LINE-2,38.82,1.021,98.57,15.38,1091.9,0.314,WARNING,OK,12.3,71,2026-09-10T10:35:30Z
M07,Machine F - Secondary Assembly (Backup / Reroute Line),LINE-3,43.9,1.367,102.84,20.94,1102.2,0.633,WARNING,OK,10.8,71,2026-09-10T10:35:30Z
M08,Machine G - Finishing Station,LINE-3,40.71,0.97,97.51,16.0,1121.9,0.463,WARNING,OK,9.3,71,2026-09-10T10:35:30Z
M09,Machine H - Final Inspection,LINE-3,40.13,0.681,96.16,13.01,1129.7,0.207,WARNING,OK,7.8,71,2026-09-10T10:35:30Z
M10,Machine I - Dispatch / Palletizing,LINE-3,36.99,0.697,94.31,10.84,1118.2,0.391,WARNING,OK,6.3,71,2026-09-10T10:35:30Z
M01,Machine A - Cutting / Raw Material Feed,LINE-1,41.71,1.205,100.55,18.53,1192.5,0.187,HEALTHY,OK,0.0,72,2026-09-10T10:36:00Z
M02,Machine B1 - Assembly Line 1,LINE-1,45.42,1.524,103.28,21.47,1194.7,0.464,HEALTHY,OK,0.0,72,2026-09-10T10:36:00Z
M03,Machine B2 - Assembly Line 2,LINE-2,66.04,3.979,100.79,24.49,1110.4,2.531,CRITICAL,OK,0.0,72,2026-09-10T10:36:00Z
M04,Machine C - Quality Inspection,LINE-2,40.01,0.988,96.98,14.34,1000.5,0.185,WARNING,OK,16.3,72,2026-09-10T10:36:00Z
M05,Machine D - Packaging Unit,LINE-2,37.78,0.918,94.55,11.82,1037.4,0.316,WARNING,OK,14.8,72,2026-09-10T10:36:00Z
M06,Machine E - Material Transfer,LINE-2,38.92,1.043,99.04,14.56,1075.5,0.277,WARNING,OK,13.3,72,2026-09-10T10:36:00Z
M07,Machine F - Secondary Assembly (Backup / Reroute Line),LINE-3,44.34,1.382,101.78,21.59,1099.7,0.61,WARNING,OK,11.8,72,2026-09-10T10:36:00Z
M08,Machine G - Finishing Station,LINE-3,40.85,0.97,96.41,16.29,1116.7,0.395,WARNING,OK,10.3,72,2026-09-10T10:36:00Z
M09,Machine H - Final Inspection,LINE-3,39.95,0.837,95.22,12.82,1116.0,0.253,WARNING,OK,8.8,72,2026-09-10T10:36:00Z
M10,Machine I - Dispatch / Palletizing,LINE-3,37.35,0.59,93.24,10.96,1117.1,0.26,WARNING,OK,7.3,72,2026-09-10T10:36:00Z
M01,Machine A - Cutting / Raw Material Feed,LINE-1,42.78,1.216,101.54,18.29,1205.8,0.189,HEALTHY,OK,0.0,73,2026-09-10T10:36:30Z
M02,Machine B1 - Assembly Line 1,LINE-1,44.89,1.531,102.19,22.48,1181.5,0.538,HEALTHY,OK,0.0,73,2026-09-10T10:36:30Z
M03,Machine B2 - Assembly Line 2,LINE-2,65.77,4.0,99.92,25.0,1100.1,2.62,CRITICAL,OK,0.0,73,2026-09-10T10:36:30Z
M04,Machine C - Quality Inspection,LINE-2,39.59,0.937,97.98,13.86,984.5,0.246,WARNING,OK,17.2,73,2026-09-10T10:36:30Z
M05,Machine D - Packaging Unit,LINE-2,37.97,0.964,94.73,12.57,1024.1,0.249,WARNING,OK,15.7,73,2026-09-10T10:36:30Z
M06,Machine E - Material Transfer,LINE-2,39.57,1.093,99.37,14.77,1072.2,0.274,WARNING,OK,14.2,73,2026-09-10T10:36:30Z
M07,Machine F - Secondary Assembly (Backup / Reroute Line),LINE-3,44.49,1.416,102.18,21.41,1097.7,0.623,WARNING,OK,12.7,73,2026-09-10T10:36:30Z
M08,Machine G - Finishing Station,LINE-3,40.43,0.965,97.0,16.22,1108.6,0.358,WARNING,OK,11.2,73,2026-09-10T10:36:30Z
M09,Machine H - Final Inspection,LINE-3,39.92,0.725,95.97,12.5,1122.5,0.211,WARNING,OK,9.7,73,2026-09-10T10:36:30Z
M10,Machine I - Dispatch / Palletizing,LINE-3,37.76,0.742,93.79,11.25,1106.2,0.271,WARNING,OK,8.2,73,2026-09-10T10:36:30Z
M01,Machine A - Cutting / Raw Material Feed,LINE-1,42.13,1.092,101.28,18.19,1200.8,0.168,HEALTHY,OK,0.0,74,2026-09-10T10:37:00Z
M02,Machine B1 - Assembly Line 1,LINE-1,45.17,1.501,103.7,22.0,1173.9,0.493,HEALTHY,OK,0.0,74,2026-09-10T10:37:00Z
M03,Machine B2 - Assembly Line 2,LINE-2,66.39,4.178,100.79,25.83,1085.5,2.711,CRITICAL,OK,0.0,74,2026-09-10T10:37:00Z
M04,Machine C - Quality Inspection,LINE-2,39.77,1.011,98.19,13.98,982.8,0.181,WARNING,OK,18.1,74,2026-09-10T10:37:00Z
M05,Machine D - Packaging Unit,LINE-2,38.39,0.927,94.99,12.41,1029.2,0.275,WARNING,OK,16.6,74,2026-09-10T10:37:00Z
M06,Machine E - Material Transfer,LINE-2,39.12,1.062,99.89,15.27,1060.7,0.315,WARNING,OK,15.1,74,2026-09-10T10:37:00Z
M07,Machine F - Secondary Assembly (Backup / Reroute Line),LINE-3,44.1,1.374,102.38,21.12,1084.5,0.599,WARNING,OK,13.6,74,2026-09-10T10:37:00Z
M08,Machine G - Finishing Station,LINE-3,41.17,1.011,97.53,15.81,1113.2,0.368,WARNING,OK,12.1,74,2026-09-10T10:37:00Z
M09,Machine H - Final Inspection,LINE-3,40.17,0.784,96.88,12.73,1108.9,0.171,WARNING,OK,10.6,74,2026-09-10T10:37:00Z
M10,Machine I - Dispatch / Palletizing,LINE-3,37.13,0.631,93.76,10.35,1113.9,0.285,WARNING,OK,9.1,74,2026-09-10T10:37:00Z
M01,Machine A - Cutting / Raw Material Feed,LINE-1,41.4,1.254,100.65,18.74,1194.4,0.248,HEALTHY,OK,0.0,75,2026-09-10T10:37:30Z
M02,Machine B1 - Assembly Line 1,LINE-1,45.3,1.45,102.54,22.18,1177.9,0.495,HEALTHY,OK,0.0,75,2026-09-10T10:37:30Z
M03,Machine B2 - Assembly Line 2,LINE-2,68.12,4.225,100.55,25.53,1088.6,2.793,CRITICAL,OK,0.0,75,2026-09-10T10:37:30Z
M04,Machine C - Quality Inspection,LINE-2,39.88,0.913,97.47,14.1,964.9,0.202,WARNING,OK,18.9,75,2026-09-10T10:37:30Z
M05,Machine D - Packaging Unit,LINE-2,38.42,0.841,94.88,12.56,1001.3,0.343,WARNING,OK,17.4,75,2026-09-10T10:37:30Z
M06,Machine E - Material Transfer,LINE-2,39.36,1.115,99.9,14.55,1057.1,0.311,WARNING,OK,15.9,75,2026-09-10T10:37:30Z
M07,Machine F - Secondary Assembly (Backup / Reroute Line),LINE-3,43.63,1.415,101.45,21.21,1083.6,0.608,WARNING,OK,14.4,75,2026-09-10T10:37:30Z
M08,Machine G - Finishing Station,LINE-3,40.26,0.952,97.78,16.01,1078.0,0.437,WARNING,OK,12.9,75,2026-09-10T10:37:30Z
M09,Machine H - Final Inspection,LINE-3,40.05,0.759,96.5,12.8,1104.7,0.211,WARNING,OK,11.4,75,2026-09-10T10:37:30Z
M10,Machine I - Dispatch / Palletizing,LINE-3,37.71,0.781,94.18,11.14,1114.0,0.262,WARNING,OK,9.9,75,2026-09-10T10:37:30Z
M01,Machine A - Cutting / Raw Material Feed,LINE-1,42.26,1.163,101.46,18.43,1204.0,0.204,HEALTHY,OK,0.0,76,2026-09-10T10:38:00Z
M02,Machine B1 - Assembly Line 1,LINE-1,43.77,1.509,103.32,22.13,1179.2,0.549,HEALTHY,OK,0.0,76,2026-09-10T10:38:00Z
M03,Machine B2 - Assembly Line 2,LINE-2,68.35,4.382,101.02,25.49,1067.2,2.798,CRITICAL,OK,0.0,76,2026-09-10T10:38:00Z
M04,Machine C - Quality Inspection,LINE-2,39.81,1.038,97.82,14.24,956.4,0.239,WARNING,OK,19.7,76,2026-09-10T10:38:00Z
M05,Machine D - Packaging Unit,LINE-2,37.88,0.923,95.25,12.95,987.0,0.286,WARNING,OK,18.2,76,2026-09-10T10:38:00Z
M06,Machine E - Material Transfer,LINE-2,39.34,1.177,99.12,14.91,1054.8,0.326,WARNING,OK,16.7,76,2026-09-10T10:38:00Z
M07,Machine F - Secondary Assembly (Backup / Reroute Line),LINE-3,43.86,1.417,102.59,21.57,1075.5,0.601,WARNING,OK,15.2,76,2026-09-10T10:38:00Z
M08,Machine G - Finishing Station,LINE-3,40.98,1.028,97.44,16.06,1084.2,0.439,WARNING,OK,13.7,76,2026-09-10T10:38:00Z
M09,Machine H - Final Inspection,LINE-3,39.54,0.778,96.05,13.6,1102.4,0.18,WARNING,OK,12.2,76,2026-09-10T10:38:00Z
M10,Machine I - Dispatch / Palletizing,LINE-3,36.78,0.783,92.59,10.7,1124.4,0.318,WARNING,OK,10.7,76,2026-09-10T10:38:00Z
M01,Machine A - Cutting / Raw Material Feed,LINE-1,41.56,1.198,101.33,18.75,1214.7,0.212,HEALTHY,OK,0.0,77,2026-09-10T10:38:30Z
M02,Machine B1 - Assembly Line 1,LINE-1,44.78,1.539,102.65,21.69,1165.9,0.453,HEALTHY,OK,0.0,77,2026-09-10T10:38:30Z
M03,Machine B2 - Assembly Line 2,LINE-2,68.44,4.39,100.66,25.15,1042.3,2.907,CRITICAL,OK,0.0,77,2026-09-10T10:38:30Z
M04,Machine C - Quality Inspection,LINE-2,39.81,0.97,98.76,13.82,951.2,0.199,CRITICAL,OK,20.3,77,2026-09-10T10:38:30Z
M05,Machine D - Packaging Unit,LINE-2,37.98,0.858,94.97,12.27,990.5,0.293,WARNING,OK,18.8,77,2026-09-10T10:38:30Z
M06,Machine E - Material Transfer,LINE-2,38.62,1.15,99.21,14.87,1044.5,0.297,WARNING,OK,17.3,77,2026-09-10T10:38:30Z
M07,Machine F - Secondary Assembly (Backup / Reroute Line),LINE-3,43.65,1.404,101.69,20.72,1054.8,0.589,WARNING,OK,15.8,77,2026-09-10T10:38:30Z
M08,Machine G - Finishing Station,LINE-3,41.23,0.965,98.76,16.27,1095.5,0.424,WARNING,OK,14.3,77,2026-09-10T10:38:30Z
M09,Machine H - Final Inspection,LINE-3,40.74,0.761,94.72,12.87,1105.4,0.205,WARNING,OK,12.8,77,2026-09-10T10:38:30Z
M10,Machine I - Dispatch / Palletizing,LINE-3,37.11,0.766,94.19,11.24,1095.3,0.267,WARNING,OK,11.3,77,2026-09-10T10:38:30Z
M01,Machine A - Cutting / Raw Material Feed,LINE-1,42.65,1.205,100.99,18.31,1194.8,0.179,HEALTHY,OK,0.0,78,2026-09-10T10:39:00Z
M02,Machine B1 - Assembly Line 1,LINE-1,44.49,1.425,102.9,21.82,1188.9,0.509,HEALTHY,OK,0.0,78,2026-09-10T10:39:00Z
M03,Machine B2 - Assembly Line 2,LINE-2,69.41,4.492,100.44,25.73,1066.8,2.995,CRITICAL,OK,0.0,78,2026-09-10T10:39:00Z
M04,Machine C - Quality Inspection,LINE-2,40.43,1.0,98.4,13.85,928.4,0.208,CRITICAL,OK,21.0,78,2026-09-10T10:39:00Z
M05,Machine D - Packaging Unit,LINE-2,38.29,0.929,95.21,12.4,978.0,0.317,WARNING,OK,19.5,78,2026-09-10T10:39:00Z
M06,Machine E - Material Transfer,LINE-2,39.17,1.072,99.55,14.74,1034.2,0.349,WARNING,OK,18.0,78,2026-09-10T10:39:00Z
M07,Machine F - Secondary Assembly (Backup / Reroute Line),LINE-3,44.35,1.382,102.14,21.05,1042.8,0.573,WARNING,OK,16.5,78,2026-09-10T10:39:00Z
M08,Machine G - Finishing Station,LINE-3,40.98,0.982,97.62,16.34,1080.6,0.368,WARNING,OK,15.0,78,2026-09-10T10:39:00Z
M09,Machine H - Final Inspection,LINE-3,40.13,0.784,95.92,12.91,1113.6,0.133,WARNING,OK,13.5,78,2026-09-10T10:39:00Z
M10,Machine I - Dispatch / Palletizing,LINE-3,36.84,0.7,93.61,11.27,1104.8,0.299,WARNING,OK,12.0,78,2026-09-10T10:39:00Z
M01,Machine A - Cutting / Raw Material Feed,LINE-1,41.89,1.194,101.25,18.48,1198.5,0.208,HEALTHY,OK,0.0,79,2026-09-10T10:39:30Z
M02,Machine B1 - Assembly Line 1,LINE-1,45.3,1.438,102.47,21.48,1186.9,0.508,HEALTHY,OK,0.0,79,2026-09-10T10:39:30Z
M03,Machine B2 - Assembly Line 2,LINE-2,69.95,4.528,101.39,25.54,1056.9,3.076,CRITICAL,OK,0.0,79,2026-09-10T10:39:30Z
M04,Machine C - Quality Inspection,LINE-2,39.61,0.973,98.09,14.86,932.7,0.248,CRITICAL,OK,21.5,79,2026-09-10T10:39:30Z
M05,Machine D - Packaging Unit,LINE-2,38.48,0.918,94.51,12.82,968.0,0.348,WARNING,OK,20.0,79,2026-09-10T10:39:30Z
M06,Machine E - Material Transfer,LINE-2,39.08,0.967,98.83,15.2,1031.3,0.321,WARNING,OK,18.5,79,2026-09-10T10:39:30Z
M07,Machine F - Secondary Assembly (Backup / Reroute Line),LINE-3,43.66,1.335,101.96,21.01,1054.1,0.637,WARNING,OK,17.0,79,2026-09-10T10:39:30Z
M08,Machine G - Finishing Station,LINE-3,40.66,1.016,97.53,15.53,1070.4,0.4,WARNING,OK,15.5,79,2026-09-10T10:39:30Z
M09,Machine H - Final Inspection,LINE-3,40.79,0.829,95.14,12.07,1100.3,0.197,WARNING,OK,14.0,79,2026-09-10T10:39:30Z
M10,Machine I - Dispatch / Palletizing,LINE-3,37.46,0.656,94.18,11.25,1093.5,0.287,WARNING,OK,12.5,79,2026-09-10T10:39:30Z
M01,Machine A - Cutting / Raw Material Feed,LINE-1,42.01,1.227,101.29,18.79,1196.3,0.16,HEALTHY,OK,0.0,80,2026-09-10T10:40:00Z
M02,Machine B1 - Assembly Line 1,LINE-1,45.79,1.47,102.72,21.98,1180.5,0.488,HEALTHY,OK,0.0,80,2026-09-10T10:40:00Z
M03,Machine B2 - Assembly Line 2,LINE-2,70.12,4.658,100.59,25.09,1065.9,3.091,CRITICAL,OK,0.0,80,2026-09-10T10:40:00Z
M04,Machine C - Quality Inspection,LINE-2,40.23,0.931,97.76,13.8,932.9,0.182,CRITICAL,OK,21.9,80,2026-09-10T10:40:00Z
M05,Machine D - Packaging Unit,LINE-2,38.3,0.867,94.77,12.43,979.0,0.243,CRITICAL,OK,20.4,80,2026-09-10T10:40:00Z
M06,Machine E - Material Transfer,LINE-2,38.47,1.003,98.46,14.76,1018.5,0.278,WARNING,OK,18.9,80,2026-09-10T10:40:00Z
M07,Machine F - Secondary Assembly (Backup / Reroute Line),LINE-3,43.19,1.349,102.6,21.12,1053.9,0.57,WARNING,OK,17.4,80,2026-09-10T10:40:00Z
M08,Machine G - Finishing Station,LINE-3,40.39,0.943,97.48,16.26,1082.2,0.419,WARNING,OK,15.9,80,2026-09-10T10:40:00Z
M09,Machine H - Final Inspection,LINE-3,39.7,0.801,95.84,12.94,1106.6,0.147,WARNING,OK,14.4,80,2026-09-10T10:40:00Z
M10,Machine I - Dispatch / Palletizing,LINE-3,36.91,0.761,93.27,10.81,1090.9,0.293,WARNING,OK,12.9,80,2026-09-10T10:40:00Z
M01,Machine A - Cutting / Raw Material Feed,LINE-1,41.36,1.23,101.63,18.65,1193.0,0.203,HEALTHY,OK,0.0,81,2026-09-10T10:40:30Z
M02,Machine B1 - Assembly Line 1,LINE-1,44.64,1.483,104.08,22.03,1170.5,0.505,HEALTHY,OK,0.0,81,2026-09-10T10:40:30Z
M03,Machine B2 - Assembly Line 2,LINE-2,69.9,4.65,99.98,25.74,1054.5,3.15,CRITICAL,OK,0.0,81,2026-09-10T10:40:30Z
M04,Machine C - Quality Inspection,LINE-2,40.21,0.945,97.73,14.08,916.6,0.192,CRITICAL,OK,22.3,81,2026-09-10T10:40:30Z
M05,Machine D - Packaging Unit,LINE-2,38.18,0.883,95.11,12.98,966.4,0.335,CRITICAL,OK,20.8,81,2026-09-10T10:40:30Z
M06,Machine E - Material Transfer,LINE-2,39.22,1.027,98.45,14.75,1019.6,0.297,WARNING,OK,19.3,81,2026-09-10T10:40:30Z
M07,Machine F - Secondary Assembly (Backup / Reroute Line),LINE-3,44.25,1.463,102.15,20.87,1036.4,0.602,WARNING,OK,17.8,81,2026-09-10T10:40:30Z
M08,Machine G - Finishing Station,LINE-3,41.01,1.009,98.55,16.37,1078.9,0.371,WARNING,OK,16.3,81,2026-09-10T10:40:30Z
M09,Machine H - Final Inspection,LINE-3,39.79,0.795,95.61,13.15,1093.1,0.167,WARNING,OK,14.8,81,2026-09-10T10:40:30Z
M10,Machine I - Dispatch / Palletizing,LINE-3,37.48,0.705,93.14,10.98,1094.7,0.329,WARNING,OK,13.3,81,2026-09-10T10:40:30Z
M01,Machine A - Cutting / Raw Material Feed,LINE-1,41.87,1.241,101.39,18.11,1188.7,0.234,HEALTHY,OK,0.0,82,2026-09-10T10:41:00Z
M02,Machine B1 - Assembly Line 1,LINE-1,45.48,1.516,103.75,22.32,1185.5,0.473,HEALTHY,OK,0.0,82,2026-09-10T10:41:00Z
M03,Machine B2 - Assembly Line 2,LINE-2,71.37,4.776,100.31,25.73,1046.0,3.112,CRITICAL,OK,0.0,82,2026-09-10T10:41:00Z
M04,Machine C - Quality Inspection,LINE-2,40.28,0.952,98.19,13.84,914.5,0.177,CRITICAL,OK,22.6,82,2026-09-10T10:41:00Z
M05,Machine D - Packaging Unit,LINE-2,37.94,0.994,95.69,12.61,964.0,0.325,CRITICAL,OK,21.1,82,2026-09-10T10:41:00Z
M06,Machine E - Material Transfer,LINE-2,39.45,1.059,98.96,14.45,1028.8,0.362,WARNING,OK,19.6,82,2026-09-10T10:41:00Z
M07,Machine F - Secondary Assembly (Backup / Reroute Line),LINE-3,44.03,1.294,102.3,20.73,1043.2,0.619,WARNING,OK,18.1,82,2026-09-10T10:41:00Z
M08,Machine G - Finishing Station,LINE-3,41.1,0.976,97.18,16.04,1069.1,0.367,WARNING,OK,16.6,82,2026-09-10T10:41:00Z
M09,Machine H - Final Inspection,LINE-3,39.87,0.817,95.91,12.58,1095.7,0.118,WARNING,OK,15.1,82,2026-09-10T10:41:00Z
M10,Machine I - Dispatch / Palletizing,LINE-3,36.82,0.669,94.07,11.17,1099.3,0.279,WARNING,OK,13.6,82,2026-09-10T10:41:00Z
M01,Machine A - Cutting / Raw Material Feed,LINE-1,42.23,1.21,100.44,19.07,1188.5,0.213,HEALTHY,OK,0.0,83,2026-09-10T10:41:30Z
M02,Machine B1 - Assembly Line 1,LINE-1,45.16,1.514,102.75,22.25,1167.5,0.498,HEALTHY,OK,0.0,83,2026-09-10T10:41:30Z
M03,Machine B2 - Assembly Line 2,LINE-2,70.63,4.743,100.71,26.29,1039.1,3.206,CRITICAL,OK,0.0,83,2026-09-10T10:41:30Z
M04,Machine C - Quality Inspection,LINE-2,40.02,0.955,97.87,13.91,909.4,0.213,CRITICAL,OK,22.8,83,2026-09-10T10:41:30Z
M05,Machine D - Packaging Unit,LINE-2,38.09,0.82,94.17,12.63,957.1,0.309,CRITICAL,OK,21.3,83,2026-09-10T10:41:30Z
M06,Machine E - Material Transfer,LINE-2,39.31,1.036,98.29,15.5,1022.1,0.287,WARNING,OK,19.8,83,2026-09-10T10:41:30Z
M07,Machine F - Secondary Assembly (Backup / Reroute Line),LINE-3,43.63,1.374,101.4,21.27,1040.8,0.633,WARNING,OK,18.3,83,2026-09-10T10:41:30Z
M08,Machine G - Finishing Station,LINE-3,40.84,0.948,97.29,15.21,1069.6,0.395,WARNING,OK,16.8,83,2026-09-10T10:41:30Z
M09,Machine H - Final Inspection,LINE-3,40.33,0.706,96.58,13.25,1096.3,0.198,WARNING,OK,15.3,83,2026-09-10T10:41:30Z
M10,Machine I - Dispatch / Palletizing,LINE-3,37.41,0.626,94.36,10.77,1079.0,0.266,WARNING,OK,13.8,83,2026-09-10T10:41:30Z
M01,Machine A - Cutting / Raw Material Feed,LINE-1,42.0,1.159,101.49,17.96,1183.0,0.241,HEALTHY,OK,0.0,84,2026-09-10T10:42:00Z
M02,Machine B1 - Assembly Line 1,LINE-1,45.36,1.448,103.0,22.31,1183.4,0.504,HEALTHY,OK,0.0,84,2026-09-10T10:42:00Z
M03,Machine B2 - Assembly Line 2,LINE-2,71.4,4.757,100.52,25.98,1038.2,3.184,CRITICAL,OK,0.0,84,2026-09-10T10:42:00Z
M04,Machine C - Quality Inspection,LINE-2,40.03,1.002,97.48,14.24,906.2,0.193,CRITICAL,OK,23.0,84,2026-09-10T10:42:00Z
M05,Machine D - Packaging Unit,LINE-2,37.88,0.918,93.94,12.77,956.5,0.337,CRITICAL,OK,21.5,84,2026-09-10T10:42:00Z
M06,Machine E - Material Transfer,LINE-2,38.81,1.098,99.96,14.92,1026.2,0.301,WARNING,OK,20.0,84,2026-09-10T10:42:00Z
M07,Machine F - Secondary Assembly (Backup / Reroute Line),LINE-3,44.17,1.403,102.42,20.79,1038.5,0.581,WARNING,OK,18.5,84,2026-09-10T10:42:00Z
M08,Machine G - Finishing Station,LINE-3,41.04,0.989,97.86,16.39,1063.1,0.378,WARNING,OK,17.0,84,2026-09-10T10:42:00Z
M09,Machine H - Final Inspection,LINE-3,39.43,0.902,96.15,13.14,1078.0,0.2,WARNING,OK,15.5,84,2026-09-10T10:42:00Z
M10,Machine I - Dispatch / Palletizing,LINE-3,37.2,0.687,94.54,11.69,1083.3,0.269,WARNING,OK,14.0,84,2026-09-10T10:42:00Z
M01,Machine A - Cutting / Raw Material Feed,LINE-1,41.65,1.28,101.82,18.46,1200.3,0.176,HEALTHY,OK,0.0,85,2026-09-10T10:42:30Z
M02,Machine B1 - Assembly Line 1,LINE-1,45.36,1.481,102.87,22.18,1178.5,0.493,HEALTHY,OK,0.0,85,2026-09-10T10:42:30Z
M03,Machine B2 - Assembly Line 2,LINE-2,71.0,4.84,101.32,26.18,1046.4,3.194,CRITICAL,OK,0.0,85,2026-09-10T10:42:30Z
M04,Machine C - Quality Inspection,LINE-2,39.72,1.033,98.09,13.57,909.1,0.198,CRITICAL,OK,23.0,85,2026-09-10T10:42:30Z
M05,Machine D - Packaging Unit,LINE-2,37.8,0.974,95.24,12.91,961.3,0.302,CRITICAL,OK,21.5,85,2026-09-10T10:42:30Z
M06,Machine E - Material Transfer,LINE-2,38.63,1.101,99.01,14.59,1015.1,0.29,CRITICAL,OK,20.0,85,2026-09-10T10:42:30Z
M07,Machine F - Secondary Assembly (Backup / Reroute Line),LINE-3,44.17,1.423,101.71,21.14,1043.2,0.514,WARNING,OK,18.5,85,2026-09-10T10:42:30Z
M08,Machine G - Finishing Station,LINE-3,40.81,1.054,96.66,16.03,1079.7,0.377,WARNING,OK,17.0,85,2026-09-10T10:42:30Z
M09,Machine H - Final Inspection,LINE-3,40.0,0.735,96.81,12.98,1087.2,0.241,WARNING,OK,15.5,85,2026-09-10T10:42:30Z
M10,Machine I - Dispatch / Palletizing,LINE-3,37.26,0.656,93.68,11.15,1085.4,0.236,WARNING,OK,14.0,85,2026-09-10T10:42:30Z
M01,Machine A - Cutting / Raw Material Feed,LINE-1,41.98,1.126,102.11,18.55,1192.8,0.179,HEALTHY,OK,0.0,86,2026-09-10T10:43:00Z
M02,Machine B1 - Assembly Line 1,LINE-1,44.24,1.445,103.51,22.67,1185.8,0.497,HEALTHY,OK,0.0,86,2026-09-10T10:43:00Z
M03,Machine B2 - Assembly Line 2,LINE-2,70.83,4.752,101.53,25.94,1056.9,3.242,CRITICAL,OK,0.0,86,2026-09-10T10:43:00Z
M04,Machine C - Quality Inspection,LINE-2,39.3,0.967,97.67,13.98,910.5,0.29,CRITICAL,OK,23.0,86,2026-09-10T10:43:00Z
M05,Machine D - Packaging Unit,LINE-2,37.57,0.911,95.31,12.5,960.5,0.269,CRITICAL,OK,21.5,86,2026-09-10T10:43:00Z
M06,Machine E - Material Transfer,LINE-2,39.04,1.126,99.16,15.17,1026.9,0.328,CRITICAL,OK,20.0,86,2026-09-10T10:43:00Z
M07,Machine F - Secondary Assembly (Backup / Reroute Line),LINE-3,44.03,1.341,101.7,20.93,1046.0,0.586,WARNING,OK,18.5,86,2026-09-10T10:43:00Z
M08,Machine G - Finishing Station,LINE-3,40.63,0.941,96.67,15.93,1059.6,0.37,WARNING,OK,17.0,86,2026-09-10T10:43:00Z
M09,Machine H - Final Inspection,LINE-3,39.84,0.733,96.19,13.22,1083.2,0.187,WARNING,OK,15.5,86,2026-09-10T10:43:00Z
M10,Machine I - Dispatch / Palletizing,LINE-3,37.21,0.664,93.61,11.36,1095.9,0.318,WARNING,OK,14.0,86,2026-09-10T10:43:00Z
M01,Machine A - Cutting / Raw Material Feed,LINE-1,42.37,1.101,101.98,18.62,1208.1,0.212,HEALTHY,OK,0.0,87,2026-09-10T10:43:30Z
M02,Machine B1 - Assembly Line 1,LINE-1,45.02,1.486,103.18,21.91,1186.9,0.452,HEALTHY,OK,0.0,87,2026-09-10T10:43:30Z
M03,Machine B2 - Assembly Line 2,LINE-2,70.78,4.902,100.19,25.93,1032.9,3.21,CRITICAL,OK,0.0,87,2026-09-10T10:43:30Z
M04,Machine C - Quality Inspection,LINE-2,39.71,0.991,98.42,13.79,915.0,0.225,CRITICAL,OK,23.0,87,2026-09-10T10:43:30Z
M05,Machine D - Packaging Unit,LINE-2,38.42,0.907,96.62,12.82,961.7,0.274,CRITICAL,OK,21.5,87,2026-09-10T10:43:30Z
M06,Machine E - Material Transfer,LINE-2,38.96,1.171,99.85,15.44,1023.1,0.262,CRITICAL,OK,20.0,87,2026-09-10T10:43:30Z
M07,Machine F - Secondary Assembly (Backup / Reroute Line),LINE-3,44.19,1.338,101.26,21.07,1047.7,0.627,WARNING,OK,18.5,87,2026-09-10T10:43:30Z
M08,Machine G - Finishing Station,LINE-3,41.2,1.027,97.01,15.97,1059.3,0.34,WARNING,OK,17.0,87,2026-09-10T10:43:30Z
M09,Machine H - Final Inspection,LINE-3,40.3,0.762,96.44,13.33,1082.7,0.218,WARNING,OK,15.5,87,2026-09-10T10:43:30Z
M10,Machine I - Dispatch / Palletizing,LINE-3,36.74,0.608,94.06,10.86,1086.7,0.359,WARNING,OK,14.0,87,2026-09-10T10:43:30Z
M01,Machine A - Cutting / Raw Material Feed,LINE-1,41.39,1.219,100.8,18.77,1202.4,0.211,HEALTHY,OK,0.0,88,2026-09-10T10:44:00Z
M02,Machine B1 - Assembly Line 1,LINE-1,44.62,1.462,103.46,22.53,1183.8,0.473,HEALTHY,OK,0.0,88,2026-09-10T10:44:00Z
M03,Machine B2 - Assembly Line 2,LINE-2,71.14,4.921,100.55,26.44,1034.1,3.199,CRITICAL,OK,0.0,88,2026-09-10T10:44:00Z
M04,Machine C - Quality Inspection,LINE-2,40.25,1.02,97.62,13.76,916.0,0.236,CRITICAL,OK,23.0,88,2026-09-10T10:44:00Z
M05,Machine D - Packaging Unit,LINE-2,38.6,0.99,95.07,12.41,967.5,0.321,CRITICAL,OK,21.5,88,2026-09-10T10:44:00Z
M06,Machine E - Material Transfer,LINE-2,38.61,1.048,99.25,14.95,1018.2,0.332,CRITICAL,OK,20.0,88,2026-09-10T10:44:00Z
M07,Machine F - Secondary Assembly (Backup / Reroute Line),LINE-3,44.3,1.466,101.03,21.08,1048.8,0.554,WARNING,OK,18.5,88,2026-09-10T10:44:00Z
M08,Machine G - Finishing Station,LINE-3,40.74,0.958,97.51,16.49,1082.6,0.376,WARNING,OK,17.0,88,2026-09-10T10:44:00Z
M09,Machine H - Final Inspection,LINE-3,40.21,0.828,96.19,13.12,1088.9,0.251,WARNING,OK,15.5,88,2026-09-10T10:44:00Z
M10,Machine I - Dispatch / Palletizing,LINE-3,37.44,0.647,94.4,11.27,1091.9,0.334,WARNING,OK,14.0,88,2026-09-10T10:44:00Z
M01,Machine A - Cutting / Raw Material Feed,LINE-1,42.08,1.21,101.36,17.89,1199.4,0.18,HEALTHY,OK,0.0,89,2026-09-10T10:44:30Z
M02,Machine B1 - Assembly Line 1,LINE-1,44.53,1.572,103.25,21.99,1175.5,0.509,HEALTHY,OK,0.0,89,2026-09-10T10:44:30Z
M03,Machine B2 - Assembly Line 2,LINE-2,71.4,4.759,100.5,26.26,1024.5,3.198,CRITICAL,OK,0.0,89,2026-09-10T10:44:30Z
M04,Machine C - Quality Inspection,LINE-2,39.83,0.993,97.75,14.04,921.0,0.19,CRITICAL,OK,23.0,89,2026-09-10T10:44:30Z
M05,Machine D - Packaging Unit,LINE-2,38.12,1.0,94.72,13.04,959.9,0.353,CRITICAL,OK,21.5,89,2026-09-10T10:44:30Z
M06,Machine E - Material Transfer,LINE-2,39.3,1.115,98.97,14.81,1018.8,0.327,CRITICAL,OK,20.0,89,2026-09-10T10:44:30Z
M07,Machine F - Secondary Assembly (Backup / Reroute Line),LINE-3,43.99,1.384,101.87,21.3,1052.1,0.58,WARNING,OK,18.5,89,2026-09-10T10:44:30Z
M08,Machine G - Finishing Station,LINE-3,40.73,1.019,98.26,16.34,1061.0,0.392,WARNING,OK,17.0,89,2026-09-10T10:44:30Z
M09,Machine H - Final Inspection,LINE-3,39.63,0.787,96.8,12.57,1075.9,0.175,WARNING,OK,15.5,89,2026-09-10T10:44:30Z
M10,Machine I - Dispatch / Palletizing,LINE-3,37.11,0.731,94.22,11.35,1077.4,0.336,WARNING,OK,14.0,89,2026-09-10T10:44:30Z
M01,Machine A - Cutting / Raw Material Feed,LINE-1,41.88,1.237,100.64,18.5,1201.9,0.235,HEALTHY,OK,0.0,90,2026-09-10T10:45:00Z
M02,Machine B1 - Assembly Line 1,LINE-1,44.37,1.502,102.46,22.15,1186.2,0.539,HEALTHY,OK,0.0,90,2026-09-10T10:45:00Z
M03,Machine B2 - Assembly Line 2,LINE-2,70.79,4.846,101.18,25.51,1044.9,3.229,CRITICAL,OK,0.0,90,2026-09-10T10:45:00Z
M04,Machine C - Quality Inspection,LINE-2,39.9,0.939,98.47,13.64,909.9,0.199,CRITICAL,OK,23.0,90,2026-09-10T10:45:00Z
M05,Machine D - Packaging Unit,LINE-2,38.29,0.869,94.66,12.53,965.6,0.369,CRITICAL,OK,21.5,90,2026-09-10T10:45:00Z
M06,Machine E - Material Transfer,LINE-2,38.4,1.116,98.46,15.31,1012.7,0.28,CRITICAL,OK,20.0,90,2026-09-10T10:45:00Z
M07,Machine F - Secondary Assembly (Backup / Reroute Line),LINE-3,43.76,1.396,102.16,21.15,1044.4,0.56,WARNING,OK,18.5,90,2026-09-10T10:45:00Z
M08,Machine G - Finishing Station,LINE-3,41.29,0.997,98.08,15.79,1058.7,0.399,WARNING,OK,17.0,90,2026-09-10T10:45:00Z
M09,Machine H - Final Inspection,LINE-3,40.52,0.808,95.9,12.74,1098.9,0.169,WARNING,OK,15.5,90,2026-09-10T10:45:00Z
M10,Machine I - Dispatch / Palletizing,LINE-3,36.71,0.729,93.07,11.38,1094.1,0.327,WARNING,OK,14.0,90,2026-09-10T10:45:00Z
M01,Machine A - Cutting / Raw Material Feed,LINE-1,42.22,1.192,100.77,18.46,1192.2,0.215,HEALTHY,OK,0.0,91,2026-09-10T10:45:30Z
M02,Machine B1 - Assembly Line 1,LINE-1,45.32,1.574,103.19,22.28,1177.6,0.486,HEALTHY,OK,0.0,91,2026-09-10T10:45:30Z
M03,Machine B2 - Assembly Line 2,LINE-2,71.19,4.781,100.63,25.68,1032.9,3.219,CRITICAL,OK,0.0,91,2026-09-10T10:45:30Z
M04,Machine C - Quality Inspection,LINE-2,40.35,0.951,98.34,13.84,910.9,0.243,CRITICAL,OK,23.0,91,2026-09-10T10:45:30Z
M05,Machine D - Packaging Unit,LINE-2,38.32,0.94,95.95,12.29,954.2,0.278,CRITICAL,OK,21.5,91,2026-09-10T10:45:30Z
M06,Machine E - Material Transfer,LINE-2,38.9,0.982,98.9,14.84,1023.1,0.311,CRITICAL,OK,20.0,91,2026-09-10T10:45:30Z
M07,Machine F - Secondary Assembly (Backup / Reroute Line),LINE-3,43.76,1.429,102.36,20.77,1041.3,0.533,WARNING,OK,18.5,91,2026-09-10T10:45:30Z
M08,Machine G - Finishing Station,LINE-3,40.56,0.963,97.54,15.72,1065.9,0.363,WARNING,OK,17.0,91,2026-09-10T10:45:30Z
M09,Machine H - Final Inspection,LINE-3,40.07,0.821,96.2,13.0,1076.5,0.181,WARNING,OK,15.5,91,2026-09-10T10:45:30Z
M10,Machine I - Dispatch / Palletizing,LINE-3,36.84,0.68,94.04,11.43,1095.4,0.27,WARNING,OK,14.0,91,2026-09-10T10:45:30Z
M01,Machine A - Cutting / Raw Material Feed,LINE-1,42.27,1.232,100.9,18.75,1198.7,0.158,HEALTHY,OK,0.0,92,2026-09-10T10:46:00Z
M02,Machine B1 - Assembly Line 1,LINE-1,45.18,1.511,102.89,21.99,1174.2,0.518,HEALTHY,OK,0.0,92,2026-09-10T10:46:00Z
M03,Machine B2 - Assembly Line 2,LINE-2,70.98,4.808,100.68,25.65,1032.8,3.134,CRITICAL,OK,0.0,92,2026-09-10T10:46:00Z
M04,Machine C - Quality Inspection,LINE-2,40.23,0.939,98.07,14.11,914.0,0.164,CRITICAL,OK,23.0,92,2026-09-10T10:46:00Z
M05,Machine D - Packaging Unit,LINE-2,37.97,0.984,95.86,12.8,961.8,0.27,CRITICAL,OK,21.5,92,2026-09-10T10:46:00Z
M06,Machine E - Material Transfer,LINE-2,39.29,1.092,99.28,14.81,1017.3,0.305,CRITICAL,OK,20.0,92,2026-09-10T10:46:00Z
M07,Machine F - Secondary Assembly (Backup / Reroute Line),LINE-3,44.1,1.425,101.71,20.6,1054.7,0.675,WARNING,OK,18.5,92,2026-09-10T10:46:00Z
M08,Machine G - Finishing Station,LINE-3,41.18,0.934,97.11,16.15,1078.1,0.364,WARNING,OK,17.0,92,2026-09-10T10:46:00Z
M09,Machine H - Final Inspection,LINE-3,39.95,0.81,96.43,12.9,1076.3,0.219,WARNING,OK,15.5,92,2026-09-10T10:46:00Z
M10,Machine I - Dispatch / Palletizing,LINE-3,37.45,0.696,94.2,10.86,1083.8,0.331,WARNING,OK,14.0,92,2026-09-10T10:46:00Z
M01,Machine A - Cutting / Raw Material Feed,LINE-1,42.15,1.225,102.05,18.18,1195.6,0.205,HEALTHY,OK,0.0,93,2026-09-10T10:46:30Z
M02,Machine B1 - Assembly Line 1,LINE-1,44.77,1.539,102.91,21.7,1180.5,0.505,HEALTHY,OK,0.0,93,2026-09-10T10:46:30Z
M03,Machine B2 - Assembly Line 2,LINE-2,71.37,4.82,100.73,26.1,1038.5,3.179,CRITICAL,OK,0.0,93,2026-09-10T10:46:30Z
M04,Machine C - Quality Inspection,LINE-2,40.12,0.983,98.84,14.4,914.2,0.211,CRITICAL,OK,23.0,93,2026-09-10T10:46:30Z
M05,Machine D - Packaging Unit,LINE-2,37.96,0.837,94.89,12.53,961.1,0.314,CRITICAL,OK,21.5,93,2026-09-10T10:46:30Z
M06,Machine E - Material Transfer,LINE-2,39.37,1.065,98.66,15.44,1023.0,0.288,CRITICAL,OK,20.0,93,2026-09-10T10:46:30Z
M07,Machine F - Secondary Assembly (Backup / Reroute Line),LINE-3,43.96,1.395,102.02,21.14,1060.4,0.606,WARNING,OK,18.5,93,2026-09-10T10:46:30Z
M08,Machine G - Finishing Station,LINE-3,41.27,0.916,97.26,16.37,1071.9,0.268,WARNING,OK,17.0,93,2026-09-10T10:46:30Z
M09,Machine H - Final Inspection,LINE-3,40.27,0.896,95.0,13.46,1068.0,0.228,WARNING,OK,15.5,93,2026-09-10T10:46:30Z
M10,Machine I - Dispatch / Palletizing,LINE-3,37.0,0.583,94.22,11.35,1092.2,0.318,WARNING,OK,14.0,93,2026-09-10T10:46:30Z
M01,Machine A - Cutting / Raw Material Feed,LINE-1,41.84,1.107,101.65,19.02,1209.0,0.14,HEALTHY,OK,0.0,94,2026-09-10T10:47:00Z
M02,Machine B1 - Assembly Line 1,LINE-1,44.39,1.458,102.2,22.01,1183.1,0.457,HEALTHY,OK,0.0,94,2026-09-10T10:47:00Z
M03,Machine B2 - Assembly Line 2,LINE-2,71.31,4.83,100.23,25.95,1024.4,3.19,CRITICAL,OK,0.0,94,2026-09-10T10:47:00Z
M04,Machine C - Quality Inspection,LINE-2,40.0,1.008,98.19,14.07,909.4,0.209,CRITICAL,OK,23.0,94,2026-09-10T10:47:00Z
M05,Machine D - Packaging Unit,LINE-2,38.4,0.895,95.16,12.44,956.2,0.316,CRITICAL,OK,21.5,94,2026-09-10T10:47:00Z
M06,Machine E - Material Transfer,LINE-2,38.78,1.119,99.01,14.91,1016.4,0.285,CRITICAL,OK,20.0,94,2026-09-10T10:47:00Z
M07,Machine F - Secondary Assembly (Backup / Reroute Line),LINE-3,43.34,1.419,102.12,21.25,1041.0,0.657,WARNING,OK,18.5,94,2026-09-10T10:47:00Z
M08,Machine G - Finishing Station,LINE-3,40.85,0.956,97.0,15.48,1079.4,0.441,WARNING,OK,17.0,94,2026-09-10T10:47:00Z
M09,Machine H - Final Inspection,LINE-3,40.24,0.755,96.91,12.89,1085.0,0.243,WARNING,OK,15.5,94,2026-09-10T10:47:00Z
M10,Machine I - Dispatch / Palletizing,LINE-3,37.26,0.81,94.12,10.88,1085.4,0.245,WARNING,OK,14.0,94,2026-09-10T10:47:00Z
M01,Machine A - Cutting / Raw Material Feed,LINE-1,41.89,1.257,101.6,18.51,1192.0,0.207,HEALTHY,OK,0.0,95,2026-09-10T10:47:30Z
M02,Machine B1 - Assembly Line 1,LINE-1,45.41,1.522,103.08,21.76,1186.9,0.406,HEALTHY,OK,0.0,95,2026-09-10T10:47:30Z
M03,Machine B2 - Assembly Line 2,LINE-2,71.15,4.929,99.75,25.93,1039.9,3.186,CRITICAL,OK,0.0,95,2026-09-10T10:47:30Z
M04,Machine C - Quality Inspection,LINE-2,40.41,1.024,98.08,14.24,910.9,0.295,CRITICAL,OK,23.0,95,2026-09-10T10:47:30Z
M05,Machine D - Packaging Unit,LINE-2,38.06,0.91,94.14,12.34,966.4,0.26,CRITICAL,OK,21.5,95,2026-09-10T10:47:30Z
M06,Machine E - Material Transfer,LINE-2,38.14,1.102,99.69,15.01,1016.3,0.244,CRITICAL,OK,20.0,95,2026-09-10T10:47:30Z
M07,Machine F - Secondary Assembly (Backup / Reroute Line),LINE-3,44.18,1.433,101.11,21.34,1049.2,0.634,WARNING,OK,18.5,95,2026-09-10T10:47:30Z
M08,Machine G - Finishing Station,LINE-3,41.23,1.033,97.76,16.26,1057.3,0.355,WARNING,OK,17.0,95,2026-09-10T10:47:30Z
M09,Machine H - Final Inspection,LINE-3,39.71,0.794,96.19,13.1,1094.5,0.234,WARNING,OK,15.5,95,2026-09-10T10:47:30Z
M10,Machine I - Dispatch / Palletizing,LINE-3,36.65,0.712,93.58,10.94,1092.0,0.198,WARNING,OK,14.0,95,2026-09-10T10:47:30Z
M01,Machine A - Cutting / Raw Material Feed,LINE-1,42.96,1.228,101.0,19.08,1197.2,0.204,HEALTHY,OK,0.0,96,2026-09-10T10:48:00Z
M02,Machine B1 - Assembly Line 1,LINE-1,44.81,1.583,102.95,22.04,1189.6,0.518,HEALTHY,OK,0.0,96,2026-09-10T10:48:00Z
M03,Machine B2 - Assembly Line 2,LINE-2,70.98,4.856,101.77,26.1,1040.9,3.205,CRITICAL,OK,0.0,96,2026-09-10T10:48:00Z
M04,Machine C - Quality Inspection,LINE-2,40.52,0.97,97.86,13.54,904.5,0.184,CRITICAL,OK,23.0,96,2026-09-10T10:48:00Z
M05,Machine D - Packaging Unit,LINE-2,37.98,0.988,95.27,12.23,955.7,0.341,CRITICAL,OK,21.5,96,2026-09-10T10:48:00Z
M06,Machine E - Material Transfer,LINE-2,39.45,1.101,98.78,15.34,1012.4,0.312,CRITICAL,OK,20.0,96,2026-09-10T10:48:00Z
M07,Machine F - Secondary Assembly (Backup / Reroute Line),LINE-3,44.91,1.41,101.61,21.12,1041.4,0.558,WARNING,OK,18.5,96,2026-09-10T10:48:00Z
M08,Machine G - Finishing Station,LINE-3,41.28,1.056,97.34,15.89,1062.9,0.396,WARNING,OK,17.0,96,2026-09-10T10:48:00Z
M09,Machine H - Final Inspection,LINE-3,39.78,0.749,96.95,13.14,1090.8,0.227,WARNING,OK,15.5,96,2026-09-10T10:48:00Z
M10,Machine I - Dispatch / Palletizing,LINE-3,37.31,0.679,94.14,10.92,1092.8,0.31,WARNING,OK,14.0,96,2026-09-10T10:48:00Z
M01,Machine A - Cutting / Raw Material Feed,LINE-1,41.85,1.134,101.37,18.44,1184.9,0.215,HEALTHY,OK,0.0,97,2026-09-10T10:48:30Z
M02,Machine B1 - Assembly Line 1,LINE-1,45.39,1.626,102.8,21.84,1171.1,0.506,HEALTHY,OK,0.0,97,2026-09-10T10:48:30Z
M03,Machine B2 - Assembly Line 2,LINE-2,71.08,4.759,100.41,25.41,1047.4,3.177,CRITICAL,OK,0.0,97,2026-09-10T10:48:30Z
M04,Machine C - Quality Inspection,LINE-2,39.99,0.929,97.71,13.92,910.7,0.214,CRITICAL,OK,23.0,97,2026-09-10T10:48:30Z
M05,Machine D - Packaging Unit,LINE-2,38.58,0.937,95.48,12.93,963.1,0.299,CRITICAL,OK,21.5,97,2026-09-10T10:48:30Z
M06,Machine E - Material Transfer,LINE-2,39.4,1.154,99.32,14.56,1013.3,0.292,CRITICAL,OK,20.0,97,2026-09-10T10:48:30Z
M07,Machine F - Secondary Assembly (Backup / Reroute Line),LINE-3,44.31,1.399,102.57,21.39,1052.0,0.636,WARNING,OK,18.5,97,2026-09-10T10:48:30Z
M08,Machine G - Finishing Station,LINE-3,40.59,1.024,97.2,15.51,1067.4,0.44,WARNING,OK,17.0,97,2026-09-10T10:48:30Z
M09,Machine H - Final Inspection,LINE-3,40.18,0.901,96.09,13.73,1088.1,0.201,WARNING,OK,15.5,97,2026-09-10T10:48:30Z
M10,Machine I - Dispatch / Palletizing,LINE-3,36.49,0.756,93.75,10.81,1098.6,0.335,WARNING,OK,14.0,97,2026-09-10T10:48:30Z
M01,Machine A - Cutting / Raw Material Feed,LINE-1,42.45,1.182,101.27,18.48,1206.3,0.247,HEALTHY,OK,0.0,98,2026-09-10T10:49:00Z
M02,Machine B1 - Assembly Line 1,LINE-1,45.15,1.599,103.45,21.93,1186.6,0.551,HEALTHY,OK,0.0,98,2026-09-10T10:49:00Z
M03,Machine B2 - Assembly Line 2,LINE-2,71.8,4.859,100.51,25.93,1044.6,3.25,CRITICAL,OK,0.0,98,2026-09-10T10:49:00Z
M04,Machine C - Quality Inspection,LINE-2,40.17,1.023,98.03,13.9,909.9,0.204,CRITICAL,OK,23.0,98,2026-09-10T10:49:00Z
M05,Machine D - Packaging Unit,LINE-2,38.69,0.888,95.03,12.24,963.9,0.341,CRITICAL,OK,21.5,98,2026-09-10T10:49:00Z
M06,Machine E - Material Transfer,LINE-2,39.65,1.11,99.29,14.95,1021.5,0.309,CRITICAL,OK,20.0,98,2026-09-10T10:49:00Z
M07,Machine F - Secondary Assembly (Backup / Reroute Line),LINE-3,44.02,1.407,102.23,20.91,1042.9,0.651,WARNING,OK,18.5,98,2026-09-10T10:49:00Z
M08,Machine G - Finishing Station,LINE-3,42.08,0.94,96.87,15.71,1068.6,0.427,WARNING,OK,17.0,98,2026-09-10T10:49:00Z
M09,Machine H - Final Inspection,LINE-3,40.24,0.809,96.26,12.79,1085.2,0.199,WARNING,OK,15.5,98,2026-09-10T10:49:00Z
M10,Machine I - Dispatch / Palletizing,LINE-3,36.37,0.642,93.44,11.23,1091.5,0.318,WARNING,OK,14.0,98,2026-09-10T10:49:00Z
M01,Machine A - Cutting / Raw Material Feed,LINE-1,41.26,1.126,101.63,17.67,1209.8,0.145,HEALTHY,OK,0.0,99,2026-09-10T10:49:30Z
M02,Machine B1 - Assembly Line 1,LINE-1,45.34,1.456,103.52,22.96,1161.8,0.521,HEALTHY,OK,0.0,99,2026-09-10T10:49:30Z
M03,Machine B2 - Assembly Line 2,LINE-2,70.28,4.821,100.4,26.04,1032.7,3.223,CRITICAL,OK,0.0,99,2026-09-10T10:49:30Z
M04,Machine C - Quality Inspection,LINE-2,39.42,1.062,97.8,13.58,919.2,0.198,CRITICAL,OK,23.0,99,2026-09-10T10:49:30Z
M05,Machine D - Packaging Unit,LINE-2,38.76,0.961,94.6,12.47,960.6,0.346,CRITICAL,OK,21.5,99,2026-09-10T10:49:30Z
M06,Machine E - Material Transfer,LINE-2,39.18,1.109,98.9,14.98,1026.2,0.3,CRITICAL,OK,20.0,99,2026-09-10T10:49:30Z
M07,Machine F - Secondary Assembly (Backup / Reroute Line),LINE-3,43.84,1.372,101.72,20.58,1039.6,0.645,WARNING,OK,18.5,99,2026-09-10T10:49:30Z
M08,Machine G - Finishing Station,LINE-3,40.92,1.035,96.26,16.17,1068.2,0.386,WARNING,OK,17.0,99,2026-09-10T10:49:30Z
M09,Machine H - Final Inspection,LINE-3,40.07,0.775,94.94,13.28,1088.5,0.191,WARNING,OK,15.5,99,2026-09-10T10:49:30Z
M10,Machine I - Dispatch / Palletizing,LINE-3,36.61,0.627,94.11,11.48,1091.1,0.259,WARNING,OK,14.0,99,2026-09-10T10:49:30Z
M01,Machine A - Cutting / Raw Material Feed,LINE-1,42.09,1.197,101.73,18.68,1176.1,0.216,HEALTHY,OK,0.0,100,2026-09-10T10:50:00Z
M02,Machine B1 - Assembly Line 1,LINE-1,44.6,1.429,102.91,22.12,1166.9,0.521,HEALTHY,OK,0.0,100,2026-09-10T10:50:00Z
M03,Machine B2 - Assembly Line 2,LINE-2,71.31,4.802,100.07,25.71,1048.2,3.155,CRITICAL,OK,0.0,100,2026-09-10T10:50:00Z
M04,Machine C - Quality Inspection,LINE-2,40.43,0.992,97.95,13.49,910.0,0.218,CRITICAL,OK,23.0,100,2026-09-10T10:50:00Z
M05,Machine D - Packaging Unit,LINE-2,37.47,0.925,95.04,12.31,964.7,0.234,CRITICAL,OK,21.5,100,2026-09-10T10:50:00Z
M06,Machine E - Material Transfer,LINE-2,39.14,1.181,99.72,15.12,1016.6,0.281,CRITICAL,OK,20.0,100,2026-09-10T10:50:00Z
M07,Machine F - Secondary Assembly (Backup / Reroute Line),LINE-3,43.88,1.427,101.6,21.23,1057.9,0.598,WARNING,OK,18.5,100,2026-09-10T10:50:00Z
M08,Machine G - Finishing Station,LINE-3,40.46,0.933,97.89,15.98,1075.0,0.384,WARNING,OK,17.0,100,2026-09-10T10:50:00Z
M09,Machine H - Final Inspection,LINE-3,40.33,0.792,95.63,12.88,1078.7,0.26,WARNING,OK,15.5,100,2026-09-10T10:50:00Z
M10,Machine I - Dispatch / Palletizing,LINE-3,36.96,0.732,93.73,10.68,1088.1,0.333,WARNING,OK,14.0,100,2026-09-10T10:50:00Z
M01,Machine A - Cutting / Raw Material Feed,LINE-1,41.79,1.156,101.38,18.65,1213.1,0.211,HEALTHY,OK,0.0,101,2026-09-10T10:50:30Z
M02,Machine B1 - Assembly Line 1,LINE-1,45.26,1.536,102.42,21.71,1171.3,0.46,HEALTHY,OK,0.0,101,2026-09-10T10:50:30Z
M03,Machine B2 - Assembly Line 2,LINE-2,71.32,4.815,100.54,25.22,1056.4,3.173,CRITICAL,OK,0.0,101,2026-09-10T10:50:30Z
M04,Machine C - Quality Inspection,LINE-2,40.82,0.928,97.59,13.34,912.7,0.167,CRITICAL,OK,23.0,101,2026-09-10T10:50:30Z
M05,Machine D - Packaging Unit,LINE-2,37.57,0.831,95.39,12.71,970.2,0.279,CRITICAL,OK,21.5,101,2026-09-10T10:50:30Z
M06,Machine E - Material Transfer,LINE-2,39.09,1.036,98.83,14.84,1021.2,0.331,CRITICAL,OK,20.0,101,2026-09-10T10:50:30Z
M07,Machine F - Secondary Assembly (Backup / Reroute Line),LINE-3,44.4,1.358,102.5,20.99,1042.3,0.579,WARNING,OK,18.5,101,2026-09-10T10:50:30Z
M08,Machine G - Finishing Station,LINE-3,40.78,1.087,97.65,16.05,1067.5,0.473,WARNING,OK,17.0,101,2026-09-10T10:50:30Z
M09,Machine H - Final Inspection,LINE-3,40.52,0.764,95.86,12.94,1087.9,0.179,WARNING,OK,15.5,101,2026-09-10T10:50:30Z
M10,Machine I - Dispatch / Palletizing,LINE-3,37.18,0.773,93.34,10.66,1086.3,0.287,WARNING,OK,14.0,101,2026-09-10T10:50:30Z
M01,Machine A - Cutting / Raw Material Feed,LINE-1,42.8,1.25,101.77,18.42,1197.7,0.156,HEALTHY,OK,0.0,102,2026-09-10T10:51:00Z
M02,Machine B1 - Assembly Line 1,LINE-1,45.31,1.525,103.64,21.94,1178.9,0.505,HEALTHY,OK,0.0,102,2026-09-10T10:51:00Z
M03,Machine B2 - Assembly Line 2,LINE-2,71.36,4.726,100.87,25.99,1031.5,3.137,CRITICAL,OK,0.0,102,2026-09-10T10:51:00Z
M04,Machine C - Quality Inspection,LINE-2,39.95,1.072,98.84,14.11,921.2,0.199,CRITICAL,OK,23.0,102,2026-09-10T10:51:00Z
M05,Machine D - Packaging Unit,LINE-2,38.38,0.877,94.74,12.3,948.1,0.339,CRITICAL,OK,21.5,102,2026-09-10T10:51:00Z
M06,Machine E - Material Transfer,LINE-2,38.74,1.06,98.41,14.94,1029.0,0.363,CRITICAL,OK,20.0,102,2026-09-10T10:51:00Z
M07,Machine F - Secondary Assembly (Backup / Reroute Line),LINE-3,43.34,1.382,101.48,21.3,1046.2,0.581,WARNING,OK,18.5,102,2026-09-10T10:51:00Z
M08,Machine G - Finishing Station,LINE-3,41.03,0.976,98.31,16.16,1073.7,0.32,WARNING,OK,17.0,102,2026-09-10T10:51:00Z
M09,Machine H - Final Inspection,LINE-3,39.97,0.904,96.66,12.45,1084.8,0.164,WARNING,OK,15.5,102,2026-09-10T10:51:00Z
M10,Machine I - Dispatch / Palletizing,LINE-3,37.68,0.712,93.62,11.01,1071.5,0.267,WARNING,OK,14.0,102,2026-09-10T10:51:00Z
M01,Machine A - Cutting / Raw Material Feed,LINE-1,42.01,1.242,100.33,18.39,1208.1,0.156,HEALTHY,OK,0.0,103,2026-09-10T10:51:30Z
M02,Machine B1 - Assembly Line 1,LINE-1,45.09,1.503,103.86,21.93,1178.6,0.526,HEALTHY,OK,0.0,103,2026-09-10T10:51:30Z
M03,Machine B2 - Assembly Line 2,LINE-2,70.47,4.789,100.27,25.96,1046.8,3.217,CRITICAL,OK,0.0,103,2026-09-10T10:51:30Z
M04,Machine C - Quality Inspection,LINE-2,39.7,1.007,98.75,13.75,911.6,0.194,CRITICAL,OK,23.0,103,2026-09-10T10:51:30Z
M05,Machine D - Packaging Unit,LINE-2,37.97,0.818,95.71,12.27,965.7,0.281,CRITICAL,OK,21.5,103,2026-09-10T10:51:30Z
M06,Machine E - Material Transfer,LINE-2,38.75,1.161,99.5,15.06,1023.0,0.291,CRITICAL,OK,20.0,103,2026-09-10T10:51:30Z
M07,Machine F - Secondary Assembly (Backup / Reroute Line),LINE-3,44.0,1.367,102.45,20.79,1053.8,0.591,WARNING,OK,18.5,103,2026-09-10T10:51:30Z
M08,Machine G - Finishing Station,LINE-3,41.01,1.038,97.51,15.91,1069.1,0.427,WARNING,OK,17.0,103,2026-09-10T10:51:30Z
M09,Machine H - Final Inspection,LINE-3,39.73,0.794,96.01,13.26,1086.2,0.254,WARNING,OK,15.5,103,2026-09-10T10:51:30Z
M10,Machine I - Dispatch / Palletizing,LINE-3,36.94,0.688,93.91,10.61,1082.5,0.284,WARNING,OK,14.0,103,2026-09-10T10:51:30Z
M01,Machine A - Cutting / Raw Material Feed,LINE-1,42.45,1.198,101.06,18.87,1212.4,0.238,HEALTHY,OK,0.0,104,2026-09-10T10:52:00Z
M02,Machine B1 - Assembly Line 1,LINE-1,44.66,1.475,103.91,22.07,1177.9,0.522,HEALTHY,OK,0.0,104,2026-09-10T10:52:00Z
M03,Machine B2 - Assembly Line 2,LINE-2,71.4,4.771,100.61,26.28,1030.7,3.2,CRITICAL,OK,0.0,104,2026-09-10T10:52:00Z
M04,Machine C - Quality Inspection,LINE-2,39.55,0.951,97.72,14.14,909.1,0.181,CRITICAL,OK,23.0,104,2026-09-10T10:52:00Z
M05,Machine D - Packaging Unit,LINE-2,38.02,0.843,95.21,12.84,959.4,0.294,CRITICAL,OK,21.5,104,2026-09-10T10:52:00Z
M06,Machine E - Material Transfer,LINE-2,39.15,0.999,99.27,15.93,1017.6,0.296,CRITICAL,OK,20.0,104,2026-09-10T10:52:00Z
M07,Machine F - Secondary Assembly (Backup / Reroute Line),LINE-3,44.3,1.482,102.49,20.35,1047.9,0.677,WARNING,OK,18.5,104,2026-09-10T10:52:00Z
M08,Machine G - Finishing Station,LINE-3,41.25,0.942,97.64,15.62,1077.4,0.371,WARNING,OK,17.0,104,2026-09-10T10:52:00Z
M09,Machine H - Final Inspection,LINE-3,40.03,0.757,95.73,13.45,1087.6,0.183,WARNING,OK,15.5,104,2026-09-10T10:52:00Z
M10,Machine I - Dispatch / Palletizing,LINE-3,36.54,0.606,93.37,11.03,1096.5,0.283,WARNING,OK,14.0,104,2026-09-10T10:52:00Z
M01,Machine A - Cutting / Raw Material Feed,LINE-1,42.63,1.164,101.18,18.18,1207.9,0.263,HEALTHY,OK,0.0,105,2026-09-10T10:52:30Z
M02,Machine B1 - Assembly Line 1,LINE-1,44.3,1.483,103.63,21.57,1184.5,0.537,HEALTHY,OK,0.0,105,2026-09-10T10:52:30Z
M03,Machine B2 - Assembly Line 2,LINE-2,71.03,4.828,101.38,26.58,1039.5,3.184,CRITICAL,OK,0.0,105,2026-09-10T10:52:30Z
M04,Machine C - Quality Inspection,LINE-2,39.63,1.049,97.31,13.92,911.3,0.185,CRITICAL,OK,23.0,105,2026-09-10T10:52:30Z
M05,Machine D - Packaging Unit,LINE-2,38.11,1.028,94.94,12.37,965.6,0.307,CRITICAL,OK,21.5,105,2026-09-10T10:52:30Z
M06,Machine E - Material Transfer,LINE-2,39.58,1.108,98.88,14.46,1008.6,0.245,CRITICAL,OK,20.0,105,2026-09-10T10:52:30Z
M07,Machine F - Secondary Assembly (Backup / Reroute Line),LINE-3,44.15,1.332,102.63,21.01,1042.8,0.575,WARNING,OK,18.5,105,2026-09-10T10:52:30Z
M08,Machine G - Finishing Station,LINE-3,41.25,0.96,97.01,16.36,1071.6,0.393,WARNING,OK,17.0,105,2026-09-10T10:52:30Z
M09,Machine H - Final Inspection,LINE-3,40.26,0.8,96.19,12.75,1101.0,0.183,WARNING,OK,15.5,105,2026-09-10T10:52:30Z
M10,Machine I - Dispatch / Palletizing,LINE-3,37.62,0.691,94.4,11.22,1097.7,0.275,WARNING,OK,14.0,105,2026-09-10T10:52:30Z
M01,Machine A - Cutting / Raw Material Feed,LINE-1,42.43,1.292,101.17,18.51,1195.8,0.19,HEALTHY,OK,0.0,106,2026-09-10T10:53:00Z
M02,Machine B1 - Assembly Line 1,LINE-1,45.68,1.45,102.53,22.48,1185.0,0.564,HEALTHY,OK,0.0,106,2026-09-10T10:53:00Z
M03,Machine B2 - Assembly Line 2,LINE-2,70.82,4.806,100.17,26.04,1025.8,3.221,CRITICAL,OK,0.0,106,2026-09-10T10:53:00Z
M04,Machine C - Quality Inspection,LINE-2,40.13,0.997,97.8,13.73,914.6,0.165,CRITICAL,OK,23.0,106,2026-09-10T10:53:00Z
M05,Machine D - Packaging Unit,LINE-2,38.2,1.004,95.74,12.05,956.8,0.313,CRITICAL,OK,21.5,106,2026-09-10T10:53:00Z
M06,Machine E - Material Transfer,LINE-2,38.97,1.03,99.19,15.0,1029.9,0.292,CRITICAL,OK,20.0,106,2026-09-10T10:53:00Z
M07,Machine F - Secondary Assembly (Backup / Reroute Line),LINE-3,44.47,1.337,101.49,21.22,1051.3,0.571,WARNING,OK,18.5,106,2026-09-10T10:53:00Z
M08,Machine G - Finishing Station,LINE-3,41.01,0.931,97.41,16.25,1066.4,0.393,WARNING,OK,17.0,106,2026-09-10T10:53:00Z
M09,Machine H - Final Inspection,LINE-3,39.55,0.768,96.88,13.02,1080.1,0.191,WARNING,OK,15.5,106,2026-09-10T10:53:00Z
M10,Machine I - Dispatch / Palletizing,LINE-3,36.36,0.649,94.68,10.96,1102.9,0.297,WARNING,OK,14.0,106,2026-09-10T10:53:00Z
M01,Machine A - Cutting / Raw Material Feed,LINE-1,41.99,1.232,99.96,18.56,1199.6,0.245,HEALTHY,OK,0.0,107,2026-09-10T10:53:30Z
M02,Machine B1 - Assembly Line 1,LINE-1,45.39,1.443,103.62,21.92,1172.8,0.506,HEALTHY,OK,0.0,107,2026-09-10T10:53:30Z
M03,Machine B2 - Assembly Line 2,LINE-2,70.92,4.877,100.67,26.06,1047.2,3.233,CRITICAL,OK,0.0,107,2026-09-10T10:53:30Z
M04,Machine C - Quality Inspection,LINE-2,40.31,1.071,98.3,14.05,917.3,0.197,CRITICAL,OK,23.0,107,2026-09-10T10:53:30Z
M05,Machine D - Packaging Unit,LINE-2,38.01,0.986,95.81,12.5,957.3,0.344,CRITICAL,OK,21.5,107,2026-09-10T10:53:30Z
M06,Machine E - Material Transfer,LINE-2,39.32,1.116,98.84,15.1,1018.2,0.28,CRITICAL,OK,20.0,107,2026-09-10T10:53:30Z
M07,Machine F - Secondary Assembly (Backup / Reroute Line),LINE-3,44.05,1.413,101.81,21.27,1052.5,0.629,WARNING,OK,18.5,107,2026-09-10T10:53:30Z
M08,Machine G - Finishing Station,LINE-3,40.89,1.038,97.54,15.63,1073.7,0.404,WARNING,OK,17.0,107,2026-09-10T10:53:30Z
M09,Machine H - Final Inspection,LINE-3,41.04,0.873,96.36,13.07,1088.0,0.17,WARNING,OK,15.5,107,2026-09-10T10:53:30Z
M10,Machine I - Dispatch / Palletizing,LINE-3,36.3,0.656,93.98,10.37,1085.9,0.293,WARNING,OK,14.0,107,2026-09-10T10:53:30Z
M01,Machine A - Cutting / Raw Material Feed,LINE-1,41.91,1.167,101.13,19.02,1205.3,0.183,HEALTHY,OK,0.0,108,2026-09-10T10:54:00Z
M02,Machine B1 - Assembly Line 1,LINE-1,44.97,1.499,102.62,21.77,1188.1,0.487,HEALTHY,OK,0.0,108,2026-09-10T10:54:00Z
M03,Machine B2 - Assembly Line 2,LINE-2,70.56,4.798,100.56,25.41,1039.7,3.226,CRITICAL,OK,0.0,108,2026-09-10T10:54:00Z
M04,Machine C - Quality Inspection,LINE-2,40.18,1.111,98.63,14.43,925.6,0.223,CRITICAL,OK,23.0,108,2026-09-10T10:54:00Z
M05,Machine D - Packaging Unit,LINE-2,38.07,0.949,94.72,12.53,956.2,0.312,CRITICAL,OK,21.5,108,2026-09-10T10:54:00Z
M06,Machine E - Material Transfer,LINE-2,38.74,1.066,99.21,14.96,1006.8,0.256,CRITICAL,OK,20.0,108,2026-09-10T10:54:00Z
M07,Machine F - Secondary Assembly (Backup / Reroute Line),LINE-3,43.54,1.356,102.21,21.07,1051.1,0.623,WARNING,OK,18.5,108,2026-09-10T10:54:00Z
M08,Machine G - Finishing Station,LINE-3,41.43,1.03,97.6,16.33,1075.4,0.411,WARNING,OK,17.0,108,2026-09-10T10:54:00Z
M09,Machine H - Final Inspection,LINE-3,40.51,0.683,95.85,12.91,1094.7,0.247,WARNING,OK,15.5,108,2026-09-10T10:54:00Z
M10,Machine I - Dispatch / Palletizing,LINE-3,36.42,0.771,93.41,10.66,1088.1,0.29,WARNING,OK,14.0,108,2026-09-10T10:54:00Z
M01,Machine A - Cutting / Raw Material Feed,LINE-1,41.38,1.232,101.64,18.82,1196.5,0.199,HEALTHY,OK,0.0,109,2026-09-10T10:54:30Z
M02,Machine B1 - Assembly Line 1,LINE-1,44.99,1.584,101.58,21.71,1180.0,0.467,HEALTHY,OK,0.0,109,2026-09-10T10:54:30Z
M03,Machine B2 - Assembly Line 2,LINE-2,70.9,4.794,100.17,26.02,1045.0,3.193,CRITICAL,OK,0.0,109,2026-09-10T10:54:30Z
M04,Machine C - Quality Inspection,LINE-2,39.82,0.992,98.0,13.48,913.2,0.186,CRITICAL,OK,23.0,109,2026-09-10T10:54:30Z
M05,Machine D - Packaging Unit,LINE-2,38.5,0.93,95.59,12.2,957.7,0.263,CRITICAL,OK,21.5,109,2026-09-10T10:54:30Z
M06,Machine E - Material Transfer,LINE-2,38.72,1.163,99.74,14.66,1015.6,0.298,CRITICAL,OK,20.0,109,2026-09-10T10:54:30Z
M07,Machine F - Secondary Assembly (Backup / Reroute Line),LINE-3,44.23,1.312,101.2,21.15,1032.0,0.587,WARNING,OK,18.5,109,2026-09-10T10:54:30Z
M08,Machine G - Finishing Station,LINE-3,41.06,1.021,97.43,15.89,1074.9,0.409,WARNING,OK,17.0,109,2026-09-10T10:54:30Z
M09,Machine H - Final Inspection,LINE-3,39.74,0.802,96.19,13.52,1092.2,0.236,WARNING,OK,15.5,109,2026-09-10T10:54:30Z
M10,Machine I - Dispatch / Palletizing,LINE-3,36.76,0.674,93.88,10.96,1082.7,0.338,WARNING,OK,14.0,109,2026-09-10T10:54:30Z
M01,Machine A - Cutting / Raw Material Feed,LINE-1,42.35,1.185,101.62,18.57,1205.8,0.16,HEALTHY,OK,0.0,110,2026-09-10T10:55:00Z
M02,Machine B1 - Assembly Line 1,LINE-1,44.94,1.497,103.31,21.81,1160.0,0.468,HEALTHY,OK,0.0,110,2026-09-10T10:55:00Z
M03,Machine B2 - Assembly Line 2,LINE-2,70.98,4.803,101.34,26.17,1040.7,3.199,CRITICAL,OK,0.0,110,2026-09-10T10:55:00Z
M04,Machine C - Quality Inspection,LINE-2,40.44,0.97,97.93,13.67,918.3,0.212,CRITICAL,OK,23.0,110,2026-09-10T10:55:00Z
M05,Machine D - Packaging Unit,LINE-2,37.72,0.894,95.25,12.42,956.8,0.28,CRITICAL,OK,21.5,110,2026-09-10T10:55:00Z
M06,Machine E - Material Transfer,LINE-2,39.14,1.082,98.77,14.6,1018.8,0.295,CRITICAL,OK,20.0,110,2026-09-10T10:55:00Z
M07,Machine F - Secondary Assembly (Backup / Reroute Line),LINE-3,43.87,1.41,102.37,21.21,1047.9,0.593,WARNING,OK,18.5,110,2026-09-10T10:55:00Z
M08,Machine G - Finishing Station,LINE-3,40.77,0.948,97.2,16.01,1064.1,0.403,WARNING,OK,17.0,110,2026-09-10T10:55:00Z
M09,Machine H - Final Inspection,LINE-3,39.61,0.717,96.41,12.86,1081.2,0.167,WARNING,OK,15.5,110,2026-09-10T10:55:00Z
M10,Machine I - Dispatch / Palletizing,LINE-3,37.17,0.769,93.8,10.94,1097.2,0.246,WARNING,OK,14.0,110,2026-09-10T10:55:00Z
M01,Machine A - Cutting / Raw Material Feed,LINE-1,42.79,1.322,99.95,18.47,1194.2,0.192,HEALTHY,OK,0.0,111,2026-09-10T10:55:30Z
M02,Machine B1 - Assembly Line 1,LINE-1,44.83,1.541,102.94,21.73,1178.6,0.515,HEALTHY,OK,0.0,111,2026-09-10T10:55:30Z
M03,Machine B2 - Assembly Line 2,LINE-2,70.53,4.718,101.5,25.81,1038.9,3.188,CRITICAL,OK,0.0,111,2026-09-10T10:55:30Z
M04,Machine C - Quality Inspection,LINE-2,40.22,1.089,98.29,13.54,903.5,0.188,CRITICAL,OK,23.0,111,2026-09-10T10:55:30Z
M05,Machine D - Packaging Unit,LINE-2,37.89,0.814,95.41,12.17,968.3,0.355,CRITICAL,OK,21.5,111,2026-09-10T10:55:30Z
M06,Machine E - Material Transfer,LINE-2,38.9,1.122,98.38,15.19,1015.4,0.267,CRITICAL,OK,20.0,111,2026-09-10T10:55:30Z
M07,Machine F - Secondary Assembly (Backup / Reroute Line),LINE-3,43.88,1.377,101.84,21.28,1039.4,0.652,WARNING,OK,18.5,111,2026-09-10T10:55:30Z
M08,Machine G - Finishing Station,LINE-3,40.47,1.081,96.99,16.0,1066.1,0.39,WARNING,OK,17.0,111,2026-09-10T10:55:30Z
M09,Machine H - Final Inspection,LINE-3,40.32,0.875,96.6,12.88,1088.2,0.177,WARNING,OK,15.5,111,2026-09-10T10:55:30Z
M10,Machine I - Dispatch / Palletizing,LINE-3,36.6,0.643,93.78,11.07,1076.4,0.299,WARNING,OK,14.0,111,2026-09-10T10:55:30Z
M01,Machine A - Cutting / Raw Material Feed,LINE-1,42.61,1.256,101.01,18.08,1203.7,0.13,HEALTHY,OK,0.0,112,2026-09-10T10:56:00Z
M02,Machine B1 - Assembly Line 1,LINE-1,45.44,1.489,103.92,21.48,1187.3,0.497,HEALTHY,OK,0.0,112,2026-09-10T10:56:00Z
M03,Machine B2 - Assembly Line 2,LINE-2,70.87,4.732,100.8,26.2,1054.3,3.23,CRITICAL,OK,0.0,112,2026-09-10T10:56:00Z
M04,Machine C - Quality Inspection,LINE-2,39.76,0.95,97.32,14.44,906.7,0.244,CRITICAL,OK,23.0,112,2026-09-10T10:56:00Z
M05,Machine D - Packaging Unit,LINE-2,38.21,0.916,94.85,12.7,959.8,0.289,CRITICAL,OK,21.5,112,2026-09-10T10:56:00Z
M06,Machine E - Material Transfer,LINE-2,39.28,1.093,98.6,15.18,1018.0,0.315,CRITICAL,OK,20.0,112,2026-09-10T10:56:00Z
M07,Machine F - Secondary Assembly (Backup / Reroute Line),LINE-3,43.82,1.34,102.87,21.46,1050.0,0.588,WARNING,OK,18.5,112,2026-09-10T10:56:00Z
M08,Machine G - Finishing Station,LINE-3,40.88,1.069,97.32,15.81,1081.6,0.399,WARNING,OK,17.0,112,2026-09-10T10:56:00Z
M09,Machine H - Final Inspection,LINE-3,40.71,0.73,96.26,13.62,1087.1,0.192,WARNING,OK,15.5,112,2026-09-10T10:56:00Z
M10,Machine I - Dispatch / Palletizing,LINE-3,36.53,0.754,93.61,10.97,1081.1,0.347,WARNING,OK,14.0,112,2026-09-10T10:56:00Z
M01,Machine A - Cutting / Raw Material Feed,LINE-1,42.46,1.198,100.72,18.96,1197.1,0.167,HEALTHY,OK,0.0,113,2026-09-10T10:56:30Z
M02,Machine B1 - Assembly Line 1,LINE-1,44.3,1.468,102.27,21.81,1186.0,0.489,HEALTHY,OK,0.0,113,2026-09-10T10:56:30Z
M03,Machine B2 - Assembly Line 2,LINE-2,71.14,4.764,100.53,26.58,1037.2,3.212,CRITICAL,OK,0.0,113,2026-09-10T10:56:30Z
M04,Machine C - Quality Inspection,LINE-2,39.37,1.076,97.76,14.32,910.1,0.218,CRITICAL,OK,23.0,113,2026-09-10T10:56:30Z
M05,Machine D - Packaging Unit,LINE-2,38.27,0.877,95.55,12.27,964.3,0.288,CRITICAL,OK,21.5,113,2026-09-10T10:56:30Z
M06,Machine E - Material Transfer,LINE-2,39.14,1.077,99.02,14.68,1019.9,0.301,CRITICAL,OK,20.0,113,2026-09-10T10:56:30Z
M07,Machine F - Secondary Assembly (Backup / Reroute Line),LINE-3,43.78,1.397,102.07,20.82,1043.6,0.57,WARNING,OK,18.5,113,2026-09-10T10:56:30Z
M08,Machine G - Finishing Station,LINE-3,41.94,1.053,97.64,16.35,1056.3,0.323,WARNING,OK,17.0,113,2026-09-10T10:56:30Z
M09,Machine H - Final Inspection,LINE-3,39.84,0.731,95.88,13.06,1093.2,0.166,WARNING,OK,15.5,113,2026-09-10T10:56:30Z
M10,Machine I - Dispatch / Palletizing,LINE-3,37.16,0.701,94.17,10.84,1099.4,0.297,WARNING,OK,14.0,113,2026-09-10T10:56:30Z
M01,Machine A - Cutting / Raw Material Feed,LINE-1,42.71,1.16,101.67,18.48,1197.4,0.219,HEALTHY,OK,0.0,114,2026-09-10T10:57:00Z
M02,Machine B1 - Assembly Line 1,LINE-1,44.88,1.367,101.47,22.38,1189.8,0.557,HEALTHY,OK,0.0,114,2026-09-10T10:57:00Z
M03,Machine B2 - Assembly Line 2,LINE-2,70.99,4.735,100.29,26.0,1031.9,3.249,CRITICAL,OK,0.0,114,2026-09-10T10:57:00Z
M04,Machine C - Quality Inspection,LINE-2,40.9,1.024,97.99,13.61,919.0,0.202,CRITICAL,OK,23.0,114,2026-09-10T10:57:00Z
M05,Machine D - Packaging Unit,LINE-2,37.88,0.924,94.71,12.54,951.7,0.333,CRITICAL,OK,21.5,114,2026-09-10T10:57:00Z
M06,Machine E - Material Transfer,LINE-2,38.96,1.158,98.9,14.96,1011.1,0.323,CRITICAL,OK,20.0,114,2026-09-10T10:57:00Z
M07,Machine F - Secondary Assembly (Backup / Reroute Line),LINE-3,43.65,1.376,102.0,21.04,1033.6,0.593,WARNING,OK,18.5,114,2026-09-10T10:57:00Z
M08,Machine G - Finishing Station,LINE-3,41.32,0.981,97.39,16.05,1068.5,0.369,WARNING,OK,17.0,114,2026-09-10T10:57:00Z
M09,Machine H - Final Inspection,LINE-3,39.99,0.85,95.47,12.89,1077.5,0.228,WARNING,OK,15.5,114,2026-09-10T10:57:00Z
M10,Machine I - Dispatch / Palletizing,LINE-3,36.96,0.657,94.05,10.64,1082.5,0.256,WARNING,OK,14.0,114,2026-09-10T10:57:00Z
M01,Machine A - Cutting / Raw Material Feed,LINE-1,41.57,1.268,100.93,18.64,1193.3,0.223,HEALTHY,OK,0.0,115,2026-09-10T10:57:30Z
M02,Machine B1 - Assembly Line 1,LINE-1,44.59,1.502,103.03,22.7,1185.0,0.482,HEALTHY,OK,0.0,115,2026-09-10T10:57:30Z
M03,Machine B2 - Assembly Line 2,LINE-2,71.27,4.907,99.69,25.75,1038.1,3.187,CRITICAL,OK,0.0,115,2026-09-10T10:57:30Z
M04,Machine C - Quality Inspection,LINE-2,39.87,0.935,98.7,13.57,909.7,0.231,CRITICAL,OK,23.0,115,2026-09-10T10:57:30Z
M05,Machine D - Packaging Unit,LINE-2,37.99,0.851,94.33,12.43,955.5,0.306,CRITICAL,OK,21.5,115,2026-09-10T10:57:30Z
M06,Machine E - Material Transfer,LINE-2,38.44,1.141,99.06,15.06,1027.0,0.287,CRITICAL,OK,20.0,115,2026-09-10T10:57:30Z
M07,Machine F - Secondary Assembly (Backup / Reroute Line),LINE-3,43.71,1.373,101.9,20.97,1039.2,0.539,WARNING,OK,18.5,115,2026-09-10T10:57:30Z
M08,Machine G - Finishing Station,LINE-3,40.78,1.018,97.57,16.36,1082.1,0.423,WARNING,OK,17.0,115,2026-09-10T10:57:30Z
M09,Machine H - Final Inspection,LINE-3,40.55,0.838,96.85,13.56,1093.4,0.221,WARNING,OK,15.5,115,2026-09-10T10:57:30Z
M10,Machine I - Dispatch / Palletizing,LINE-3,36.92,0.698,93.83,11.19,1084.7,0.294,WARNING,OK,14.0,115,2026-09-10T10:57:30Z
M01,Machine A - Cutting / Raw Material Feed,LINE-1,41.06,1.286,101.19,18.64,1211.7,0.209,HEALTHY,OK,0.0,116,2026-09-10T10:58:00Z
M02,Machine B1 - Assembly Line 1,LINE-1,45.58,1.438,104.2,22.33,1181.7,0.543,HEALTHY,OK,0.0,116,2026-09-10T10:58:00Z
M03,Machine B2 - Assembly Line 2,LINE-2,70.53,4.786,101.22,25.44,1044.5,3.216,CRITICAL,OK,0.0,116,2026-09-10T10:58:00Z
M04,Machine C - Quality Inspection,LINE-2,40.79,0.921,98.8,13.83,908.4,0.163,CRITICAL,OK,23.0,116,2026-09-10T10:58:00Z
M05,Machine D - Packaging Unit,LINE-2,37.56,0.92,94.44,12.72,956.1,0.264,CRITICAL,OK,21.5,116,2026-09-10T10:58:00Z
M06,Machine E - Material Transfer,LINE-2,38.79,1.117,98.86,15.01,1022.6,0.332,CRITICAL,OK,20.0,116,2026-09-10T10:58:00Z
M07,Machine F - Secondary Assembly (Backup / Reroute Line),LINE-3,43.88,1.348,102.04,21.14,1035.1,0.573,WARNING,OK,18.5,116,2026-09-10T10:58:00Z
M08,Machine G - Finishing Station,LINE-3,40.71,0.99,97.12,16.21,1058.7,0.353,WARNING,OK,17.0,116,2026-09-10T10:58:00Z
M09,Machine H - Final Inspection,LINE-3,39.87,0.791,95.27,12.82,1084.2,0.188,WARNING,OK,15.5,116,2026-09-10T10:58:00Z
M10,Machine I - Dispatch / Palletizing,LINE-3,37.06,0.667,94.74,11.15,1084.0,0.303,WARNING,OK,14.0,116,2026-09-10T10:58:00Z
M01,Machine A - Cutting / Raw Material Feed,LINE-1,42.05,1.261,101.0,18.73,1200.3,0.245,HEALTHY,OK,0.0,117,2026-09-10T10:58:30Z
M02,Machine B1 - Assembly Line 1,LINE-1,45.52,1.51,102.87,22.15,1178.6,0.55,HEALTHY,OK,0.0,117,2026-09-10T10:58:30Z
M03,Machine B2 - Assembly Line 2,LINE-2,71.03,4.78,100.27,25.64,1044.5,3.175,CRITICAL,OK,0.0,117,2026-09-10T10:58:30Z
M04,Machine C - Quality Inspection,LINE-2,40.44,0.935,98.06,14.35,899.4,0.261,CRITICAL,OK,23.0,117,2026-09-10T10:58:30Z
M05,Machine D - Packaging Unit,LINE-2,37.83,0.907,95.29,12.72,961.4,0.33,CRITICAL,OK,21.5,117,2026-09-10T10:58:30Z
M06,Machine E - Material Transfer,LINE-2,39.21,1.188,99.26,15.59,1023.8,0.246,CRITICAL,OK,20.0,117,2026-09-10T10:58:30Z
M07,Machine F - Secondary Assembly (Backup / Reroute Line),LINE-3,45.04,1.371,102.75,21.01,1051.1,0.579,WARNING,OK,18.5,117,2026-09-10T10:58:30Z
M08,Machine G - Finishing Station,LINE-3,41.25,0.987,98.29,16.13,1075.4,0.335,WARNING,OK,17.0,117,2026-09-10T10:58:30Z
M09,Machine H - Final Inspection,LINE-3,39.97,0.821,96.11,13.29,1084.4,0.201,WARNING,OK,15.5,117,2026-09-10T10:58:30Z
M10,Machine I - Dispatch / Palletizing,LINE-3,37.47,0.586,94.29,10.9,1083.3,0.31,WARNING,OK,14.0,117,2026-09-10T10:58:30Z
M01,Machine A - Cutting / Raw Material Feed,LINE-1,42.49,1.252,101.23,18.76,1206.9,0.197,HEALTHY,OK,0.0,118,2026-09-10T10:59:00Z
M02,Machine B1 - Assembly Line 1,LINE-1,44.72,1.468,103.42,21.99,1171.6,0.449,HEALTHY,OK,0.0,118,2026-09-10T10:59:00Z
M03,Machine B2 - Assembly Line 2,LINE-2,71.33,4.773,100.67,26.37,1029.5,3.199,CRITICAL,OK,0.0,118,2026-09-10T10:59:00Z
M04,Machine C - Quality Inspection,LINE-2,39.93,1.019,98.62,13.6,913.8,0.231,CRITICAL,OK,23.0,118,2026-09-10T10:59:00Z
M05,Machine D - Packaging Unit,LINE-2,37.93,0.893,95.21,12.6,963.2,0.317,CRITICAL,OK,21.5,118,2026-09-10T10:59:00Z
M06,Machine E - Material Transfer,LINE-2,38.61,1.15,99.58,15.06,1009.3,0.297,CRITICAL,OK,20.0,118,2026-09-10T10:59:00Z
M07,Machine F - Secondary Assembly (Backup / Reroute Line),LINE-3,44.08,1.343,101.82,20.58,1048.3,0.605,WARNING,OK,18.5,118,2026-09-10T10:59:00Z
M08,Machine G - Finishing Station,LINE-3,40.34,1.018,97.47,16.15,1066.7,0.376,WARNING,OK,17.0,118,2026-09-10T10:59:00Z
M09,Machine H - Final Inspection,LINE-3,39.69,0.773,96.01,13.04,1085.6,0.187,WARNING,OK,15.5,118,2026-09-10T10:59:00Z
M10,Machine I - Dispatch / Palletizing,LINE-3,36.86,0.825,93.61,10.83,1112.7,0.313,WARNING,OK,14.0,118,2026-09-10T10:59:00Z
M01,Machine A - Cutting / Raw Material Feed,LINE-1,41.45,1.242,100.84,18.77,1198.3,0.187,HEALTHY,OK,0.0,119,2026-09-10T10:59:30Z
M02,Machine B1 - Assembly Line 1,LINE-1,45.64,1.528,103.49,22.13,1176.4,0.518,HEALTHY,OK,0.0,119,2026-09-10T10:59:30Z
M03,Machine B2 - Assembly Line 2,LINE-2,71.48,4.807,101.4,26.26,1041.7,3.208,CRITICAL,OK,0.0,119,2026-09-10T10:59:30Z
M04,Machine C - Quality Inspection,LINE-2,40.05,0.937,97.95,14.07,908.6,0.21,CRITICAL,OK,23.0,119,2026-09-10T10:59:30Z
M05,Machine D - Packaging Unit,LINE-2,38.01,0.939,95.33,12.55,952.1,0.354,CRITICAL,OK,21.5,119,2026-09-10T10:59:30Z
M06,Machine E - Material Transfer,LINE-2,38.94,1.096,98.83,14.85,1027.7,0.342,CRITICAL,OK,20.0,119,2026-09-10T10:59:30Z
M07,Machine F - Secondary Assembly (Backup / Reroute Line),LINE-3,44.18,1.395,102.31,21.02,1043.2,0.61,WARNING,OK,18.5,119,2026-09-10T10:59:30Z
M08,Machine G - Finishing Station,LINE-3,40.82,1.013,97.6,16.18,1065.2,0.421,WARNING,OK,17.0,119,2026-09-10T10:59:30Z
M09,Machine H - Final Inspection,LINE-3,39.64,0.771,95.74,12.68,1093.8,0.171,WARNING,OK,15.5,119,2026-09-10T10:59:30Z
M10,Machine I - Dispatch / Palletizing,LINE-3,36.72,0.763,93.71,10.94,1082.7,0.325,WARNING,OK,14.0,119,2026-09-10T10:59:30Z
